id,data_inversa,dia_semana,horario,uf,br,km,municipio,causa_acidente,tipo_acidente,classificacao_acidente,fase_dia,sentido_via,condicao_metereologica,tipo_pista,tracado_via,uso_solo,pessoas,mortos,feridos_leves,feridos_graves,ilesos,ignorados,feridos,veiculos,latitude,longitude,regional,delegacia,uop,distancia_ao_radar_mais_proximo,proximo_ao_radar
408960,2022-01-16,domingo,09:00:00,GO,153.0,504,APARECIDA DE GOIANIA,Manobra de mudança de faixa,Colisão lateral mesmo sentido,Com Vítimas Feridas,Pleno dia,Decrescente,Céu Claro,Dupla,Aclive,Sim,3,0,2,0,1,0,2,2,-16.7451,-49.2408,SPRF-GO,DEL01-GO,UOP01-DEL01-GO,0.027714961171786116,True
409433,2022-01-17,segunda-feira,11:30:00,TO,153.0,145,ARAGUAINA,Ausência de reação do condutor,Colisão traseira,Com Vítimas Feridas,Pleno dia,Crescente,Céu Claro,Dupla,Reta,Sim,2,0,1,0,1,0,1,2,-7.20756611,-48.24174112,SPRF-TO,DEL02-TO,UOP01-DEL02-TO,472.66419676158176,False
412072,2022-01-30,domingo,17:55:00,MG,153.0,141,PRATA,Demais falhas mecânicas ou elétricas,Incêndio,Sem Vítimas,Anoitecer,Decrescente,Nublado,Simples,Aclive,Não,3,0,0,0,1,2,0,2,-19.57419297,-48.82520551,SPRF-MG,DEL15-MG,UOP03-DEL15-MG,31.90890255166662,False
414268,2022-02-11,sexta-feira,16:00:00,TO,153.0,141,ARAGUAINA,Estacionar ou parar em local proibido,Colisão traseira,Com Vítimas Fatais,Pleno dia,Crescente,Nublado,Dupla,Reta,Sim,2,1,0,0,1,0,0,2,-7.175959,-48.219548,SPRF-TO,DEL02-TO,UOP01-DEL02-TO,476.5457332592252,False
415522,2022-02-17,quinta-feira,15:00:00,TO,153.0,334,GUARAI,Manobra de mudança de faixa,Colisão transversal,Com Vítimas Feridas,Pleno dia,Decrescente,Céu Claro,Dupla,Reta,Sim,3,0,1,0,2,0,1,3,-8.835718,-48.512123,SPRF-TO,DEL02-TO,UOP02-DEL02-TO,289.19876273709025,False
416586,2022-02-19,sábado,14:00:00,GO,153.0,494,GOIANIA,Manobra de mudança de faixa,Saída de leito carroçável,Sem Vítimas,Pleno dia,Crescente,Chuva,Dupla,Ponte,Sim,1,0,0,0,1,0,0,1,-16.67391998,-49.1855067,SPRF-GO,DEL01-GO,UOP01-DEL01-GO,4.0214210331781155,True
416911,2022-02-24,quinta-feira,22:30:00,TO,153.0,334,GUARAI,Ausência de reação do condutor,Colisão com objeto,Sem Vítimas,Plena Noite,Decrescente,Céu Claro,Múltipla,Reta,Sim,2,0,0,0,1,1,0,2,-8.835718,-48.512123,SPRF-TO,DEL02-TO,UOP02-DEL02-TO,289.19876273709025,False
419630,2022-03-09,quarta-feira,13:30:00,PR,153.0,505,GENERAL CARNEIRO,Velocidade Incompatível,Derramamento de carga,Sem Vítimas,Pleno dia,Crescente,Céu Claro,Simples,Curva,Não,1,0,0,0,1,0,0,1,-26.53939433,-51.42150879,SPRF-PR,DEL02-PR,UOP03-DEL02-PR,110.6083019107958,False
422937,2022-03-26,sábado,21:25:00,TO,153.0,504,PARAISO DO TOCANTINS,Demais falhas mecânicas ou elétricas,Saída de leito carroçável,Com Vítimas Feridas,Plena Noite,Decrescente,Céu Claro,Simples,Reta;Interseção de Vias       ,Não,1,0,1,0,0,0,1,1,-10.25992806,-48.8797456,SPRF-TO,DEL01-TO,UOP01-DEL01-TO,126.79149967070914,False
452864,2022-05-30,segunda-feira,03:50:00,GO,153.0,506,APARECIDA DE GOIANIA,Velocidade Incompatível,Colisão com objeto,Com Vítimas Feridas,Plena Noite,Crescente,Céu Claro,Dupla,Retorno Regulamentado,Sim,2,0,0,1,0,1,1,2,-16.7633,-49.24,SPRF-GO,DEL01-GO,UOP01-DEL01-GO,0.5925342353211931,True
461553,2022-07-14,quinta-feira,04:16:00,TO,153.0,334,GUARAI,Reação tardia ou ineficiente do condutor,Colisão traseira,Com Vítimas Feridas,Plena Noite,Decrescente,Céu Claro,Simples,Reta,Sim,2,0,0,1,0,1,1,2,-8.835718,-48.512123,SPRF-TO,DEL02-TO,UOP02-DEL02-TO,289.19876273709025,False
464120,2022-07-26,terça-feira,10:05:00,GO,153.0,495,GOIANIA,Condutor deixou de manter distância do veículo da frente,Engavetamento,Com Vítimas Feridas,Pleno dia,Crescente,Céu Claro,Múltipla,Reta,Sim,6,0,1,0,0,5,1,6,-16.6681,-49.2263,SPRF-GO,DEL01-GO,UOP01-DEL01-GO,0.02854451205891214,True
464626,2022-07-29,sexta-feira,10:20:00,TO,153.0,499,PARAISO DO TOCANTINS,Acessar a via sem observar a presença dos outros veículos,Colisão transversal,Com Vítimas Feridas,Pleno dia,Crescente,Céu Claro,Simples,Interseção de Vias,Não,3,0,1,1,1,0,2,2,-10.21130856,-48.87421111,SPRF-TO,DEL01-TO,UOP01-DEL01-TO,132.22923989015757,False
465401,2022-08-01,segunda-feira,18:20:00,TO,153.0,145,ARAGUAINA,Acessar a via sem observar a presença dos outros veículos,Colisão traseira,Sem Vítimas,Plena Noite,Decrescente,Céu Claro,Dupla,Reta,Sim,2,0,0,0,2,0,0,2,-7.20503614,-48.24035166,SPRF-TO,DEL02-TO,UOP01-DEL02-TO,472.9674055189868,False
466202,2022-08-06,sábado,01:00:00,TO,153.0,334,GUARAI,Reação tardia ou ineficiente do condutor,Colisão com objeto,Com Vítimas Feridas,Plena Noite,Decrescente,Céu Claro,Simples,Reta,Sim,2,0,1,0,1,0,1,2,-8.835718,-48.512123,SPRF-TO,DEL02-TO,UOP02-DEL02-TO,289.19876273709025,False
469454,2022-08-17,quarta-feira,22:00:00,PR,153.0,506,GENERAL CARNEIRO,Chuva,Colisão lateral sentido oposto,Com Vítimas Feridas,Plena Noite,Crescente,Chuva,Simples,Curva,Não,2,0,0,1,1,0,1,2,-26.53294408,-51.37447357,SPRF-PR,DEL02-PR,UOP03-DEL02-PR,106.35125732172753,False
471764,2022-09-02,sexta-feira,10:50:00,GO,153.0,495,GOIANIA,Condutor deixou de manter distância do veículo da frente,Colisão traseira,Com Vítimas Feridas,Pleno dia,Crescente,Céu Claro,Dupla,Reta,Sim,2,0,1,0,1,0,1,2,-16.6681,-49.2263,SPRF-GO,DEL01-GO,UOP01-DEL01-GO,0.02854451205891214,True
475164,2022-09-18,domingo,07:50:00,TO,153.0,334,GUARAI,Ingestão de substâncias psicoativas pelo condutor,Colisão com objeto,Sem Vítimas,Pleno dia,Crescente,Céu Claro,Dupla,Reta,Sim,2,0,0,0,2,0,0,2,-8.835718,-48.512123,SPRF-TO,DEL02-TO,UOP02-DEL02-TO,289.19876273709025,False
477067,2022-09-26,segunda-feira,16:28:00,TO,153.0,145,ARAGUAINA,Avarias e/ou desgaste excessivo no pneu,Colisão traseira,Sem Vítimas,Pleno dia,Crescente,Céu Claro,Dupla,Reta,Sim,3,0,0,0,3,0,0,3,-7.20503614,-48.24035166,SPRF-TO,DEL02-TO,UOP01-DEL02-TO,472.9674055189868,False
482516,2022-10-23,domingo,17:54:00,TO,153.0,145,ARAGUAINA,Ingestão de álcool pelo condutor,Colisão lateral mesmo sentido,Com Vítimas Feridas,Anoitecer,Crescente,Céu Claro,Simples,Reta,Não,3,0,0,2,1,0,2,2,-7.20503614,-48.24035166,SPRF-TO,DEL02-TO,UOP01-DEL02-TO,472.9674055189868,False
486785,2022-11-14,segunda-feira,12:19:00,TO,153.0,504,PARAISO DO TOCANTINS,Acessar a via sem observar a presença dos outros veículos,Colisão transversal,Com Vítimas Feridas,Pleno dia,Decrescente,Céu Claro,Simples,Interseção de Vias;Reta       ,Não,2,0,0,1,1,0,1,2,-10.24938117,-48.87854397,SPRF-TO,DEL01-TO,UOP01-DEL01-TO,127.97108547694091,False
490418,2022-12-03,sábado,02:00:00,GO,153.0,494,GOIANIA,Velocidade Incompatível,Colisão lateral mesmo sentido,Com Vítimas Feridas,Plena Noite,Decrescente,Chuva,Dupla,Reta,Não,2,0,1,0,1,0,1,2,-16.6614,-49.2218,SPRF-GO,DEL01-GO,UOP01-DEL01-GO,0.0151254537003197,True
491052,2022-11-30,quarta-feira,16:30:00,PR,153.0,504,GENERAL CARNEIRO,Reação tardia ou ineficiente do condutor,Colisão frontal,Com Vítimas Feridas,Pleno dia,Crescente,Chuva,Simples,Curva,Não,2,0,1,0,1,0,1,2,-26.52245654,-51.35848046,SPRF-PR,DEL02-PR,UOP03-DEL02-PR,105.2037152779211,False
494966,2022-12-24,sábado,08:35:00,TO,153.0,495,PARAISO DO TOCANTINS,Ausência de sinalização,Colisão frontal,Com Vítimas Feridas,Pleno dia,Crescente,Chuva,Simples,Reta;Declive                  ,Sim,2,0,1,0,1,0,1,2,-10.17584617,-48.88047349,SPRF-TO,DEL01-TO,UOP01-DEL01-TO,136.10585027598898,False
408276,2022-01-12,quarta-feira,17:15:00,PR,153.0,334,IRATI,Pista Escorregadia,Colisão transversal,Com Vítimas Feridas,Pleno dia,Crescente,Sol,Simples,Reta,Sim,2,0,1,0,1,0,1,2,-25.481234,-50.640733,SPRF-PR,DEL03-PR,UOP03-DEL03-PR,110.01566799427935,False
409347,2022-01-17,segunda-feira,02:00:00,GO,153.0,504,APARECIDA DE GOIANIA,Acesso irregular,Colisão com objeto,Sem Vítimas,Plena Noite,Crescente,Céu Claro,Dupla,Reta,Sim,1,0,0,0,1,0,0,1,-16.7451,-49.2408,SPRF-GO,DEL01-GO,UOP01-DEL01-GO,0.027714961171786116,True
410562,2022-01-23,domingo,01:00:00,TO,153.0,141,ARAGUAINA,Reação tardia ou ineficiente do condutor,Saída de leito carroçável,Com Vítimas Feridas,Plena Noite,Decrescente,Nublado,Dupla,Reta,Sim,1,0,1,0,0,0,1,1,-7.17953425,-48.22295535,SPRF-TO,DEL02-TO,UOP01-DEL02-TO,476.08927185075055,False
411732,2022-01-29,sábado,05:30:00,GO,153.0,494,GOIANIA,Ausência de reação do condutor,Saída de leito carroçável,Com Vítimas Feridas,Plena Noite,Crescente,Céu Claro,Dupla,Reta,Não,1,0,1,0,0,0,1,1,-16.6614,-49.2218,SPRF-GO,DEL01-GO,UOP01-DEL01-GO,0.0151254537003197,True
415713,2022-02-18,sexta-feira,19:47:00,TO,153.0,334,GUARAI,Acessar a via sem observar a presença dos outros veículos,Colisão transversal,Com Vítimas Feridas,Plena Noite,Decrescente,Nublado,Dupla,Reta,Sim,3,0,2,0,1,0,2,2,-8.835718,-48.512123,SPRF-TO,DEL02-TO,UOP02-DEL02-TO,289.19876273709025,False
415877,2022-02-19,sábado,16:00:00,TO,153.0,141,ARAGUAINA,Acessar a via sem observar a presença dos outros veículos,Colisão transversal,Com Vítimas Feridas,Pleno dia,Decrescente,Sol,Múltipla,Retorno Regulamentado,Sim,2,0,1,1,0,0,2,2,-7.175959,-48.219548,SPRF-TO,DEL02-TO,UOP01-DEL02-TO,476.5457332592252,False
416049,2022-02-20,domingo,11:00:00,GO,153.0,505,GOIANIA,Acessar a via sem observar a presença dos outros veículos,Colisão lateral mesmo sentido,Com Vítimas Feridas,Pleno dia,Decrescente,Nublado,Dupla,Reta,Sim,2,0,1,0,1,0,1,2,-16.7537,-49.2411,SPRF-GO,DEL01-GO,UOP01-DEL01-GO,0.9291268582840643,True
416208,2022-02-21,segunda-feira,02:30:00,TO,153.0,145,ARAGUAINA,Ausência de reação do condutor,Colisão com objeto,Sem Vítimas,Plena Noite,Crescente,Céu Claro,Dupla,Reta,Sim,1,0,0,0,1,0,0,1,-7.20503614,-48.24035166,SPRF-TO,DEL02-TO,UOP01-DEL02-TO,472.9674055189868,False
416852,2022-02-12,sábado,22:18:00,TO,153.0,141,ARAGUAINA,Ausência de reação do condutor,Saída de leito carroçável,Com Vítimas Feridas,Plena Noite,Crescente,Chuva,Dupla,Reta,Sim,1,0,0,1,0,0,1,1,-7.175959,-48.219548,SPRF-TO,DEL02-TO,UOP01-DEL02-TO,476.5457332592252,False
417157,2022-02-25,sexta-feira,17:05:00,GO,153.0,494,GOIANIA,Condutor deixou de manter distância do veículo da frente,Colisão traseira,Com Vítimas Feridas,Pleno dia,Crescente,Céu Claro,Dupla,Reta,Sim,2,0,1,0,1,0,1,2,-16.6614,-49.2218,SPRF-GO,DEL01-GO,UOP01-DEL01-GO,0.0151254537003197,True
417389,2022-02-26,sábado,14:40:00,GO,153.0,495,GOIANIA,Ausência de reação do condutor,Colisão traseira,Sem Vítimas,Pleno dia,Decrescente,Céu Claro,Dupla,Reta,Sim,2,0,0,0,2,0,0,2,-16.6681,-49.2263,SPRF-GO,DEL01-GO,UOP01-DEL01-GO,0.02854451205891214,True
417404,2022-02-26,sábado,16:10:00,GO,153.0,496,GOIANIA,Condutor deixou de manter distância do veículo da frente,Colisão traseira,Com Vítimas Feridas,Pleno dia,Crescente,Céu Claro,Dupla,Viaduto,Sim,4,0,1,0,3,0,1,3,-16.6776,-49.2314,SPRF-GO,DEL01-GO,UOP01-DEL01-GO,0.8018282521400307,True
418627,2022-03-04,sexta-feira,19:30:00,GO,153.0,499,GOIANIA,Acumulo de água sobre o pavimento,Queda de ocupante de veículo,Com Vítimas Feridas,Plena Noite,Crescente,Chuva,Dupla,Reta,Sim,1,0,0,1,0,0,1,1,-16.7033,-49.2311,SPRF-GO,DEL01-GO,UOP01-DEL01-GO,0.13399340199001208,True
419083,2022-03-07,segunda-feira,00:25:00,GO,153.0,499,GOIANIA,Demais falhas mecânicas ou elétricas,Queda de ocupante de veículo,Com Vítimas Feridas,Plena Noite,Crescente,Céu Claro,Dupla,Declive,Sim,1,0,1,0,0,0,1,1,-16.7033,-49.2311,SPRF-GO,DEL01-GO,UOP01-DEL01-GO,0.13399340199001208,True
419386,2022-03-08,terça-feira,15:27:00,PR,153.0,334,IRATI,Ultrapassagem Indevida,Colisão transversal,Sem Vítimas,Pleno dia,Decrescente,Nublado,Simples,Reta;Aclive                   ,Sim,1,0,0,0,1,0,0,1,-25.481234,-50.640733,SPRF-PR,DEL03-PR,UOP03-DEL03-PR,110.01566799427935,False
419460,2022-03-09,quarta-feira,02:20:00,PR,153.0,494,GENERAL CARNEIRO,Ingestão de álcool pelo condutor,Capotamento,Com Vítimas Feridas,Plena Noite,Decrescente,Nublado,Simples,Curva,Não,1,0,1,0,0,0,1,1,-26.449842,-51.320048,SPRF-PR,DEL02-PR,UOP03-DEL02-PR,104.53341990473389,False
422185,2022-03-22,terça-feira,20:10:00,TO,153.0,495,PARAISO DO TOCANTINS,Acessar a via sem observar a presença dos outros veículos,Colisão transversal,Com Vítimas Feridas,Plena Noite,Decrescente,Céu Claro,Simples,Reta,Sim,2,0,1,0,1,0,1,2,-10.16039618,-48.88154257,SPRF-TO,DEL01-TO,UOP01-DEL01-TO,137.8102932477375,False
422401,2022-03-23,quarta-feira,23:00:00,PR,153.0,494,GENERAL CARNEIRO,Velocidade Incompatível,Capotamento,Com Vítimas Feridas,Plena Noite,Decrescente,Chuva,Simples,Curva,Não,2,0,2,0,0,0,2,1,-26.449847,-51.320082,SPRF-PR,DEL02-PR,UOP03-DEL02-PR,104.53630319023574,False
424612,2022-04-04,segunda-feira,18:45:00,TO,153.0,141,ARAGUAINA,Ausência de reação do condutor,Colisão lateral mesmo sentido,Com Vítimas Feridas,Plena Noite,Crescente,Nublado,Dupla,Reta,Sim,2,0,1,0,1,0,1,2,-7.175959,-48.219548,SPRF-TO,DEL02-TO,UOP01-DEL02-TO,476.5457332592252,False
425075,2022-04-07,quinta-feira,08:40:00,GO,153.0,504,APARECIDA DE GOIANIA,Ausência de reação do condutor,Queda de ocupante de veículo,Com Vítimas Feridas,Pleno dia,Decrescente,Céu Claro,Simples,Reta,Sim,2,0,1,0,1,0,1,2,-16.7451,-49.2408,SPRF-GO,DEL01-GO,UOP01-DEL01-GO,0.027714961171786116,True
425131,2022-04-07,quinta-feira,13:20:00,GO,153.0,505,GOIANIA,Reação tardia ou ineficiente do condutor,Colisão traseira,Sem Vítimas,Pleno dia,Crescente,Céu Claro,Dupla,Reta,Sim,2,0,0,0,2,0,0,2,-16.7537,-49.2411,SPRF-GO,DEL01-GO,UOP01-DEL01-GO,0.9291268582840643,True
443069,2022-04-08,sexta-feira,10:30:00,GO,153.0,495,GOIANIA,Ausência de reação do condutor,Colisão traseira,Com Vítimas Feridas,Pleno dia,Crescente,Sol,Dupla,Reta,Sim,3,0,1,0,2,0,1,3,-16.6681,-49.2263,SPRF-GO,DEL01-GO,UOP01-DEL01-GO,0.02854451205891214,True
443688,2022-04-14,quinta-feira,14:10:00,TO,153.0,141,ARAGUAINA,Entrada inopinada do pedestre,Atropelamento de Pedestre,Com Vítimas Feridas,Pleno dia,Decrescente,Sol,Múltipla,Reta,Sim,2,0,1,0,1,0,1,2,-7.175959,-48.219548,SPRF-TO,DEL02-TO,UOP01-DEL02-TO,476.5457332592252,False
444068,2022-04-16,sábado,13:05:00,GO,153.0,506,APARECIDA DE GOIANIA,Acessar a via sem observar a presença dos outros veículos,Colisão traseira,Com Vítimas Feridas,Pleno dia,Decrescente,Sol,Dupla,Curva,Sim,3,0,1,0,2,0,1,2,-16.7633,-49.24,SPRF-GO,DEL01-GO,UOP01-DEL01-GO,0.5925342353211931,True
444084,2022-04-16,sábado,14:30:00,GO,153.0,505,APARECIDA DE GOIANIA,Ingestão de álcool pelo condutor,Colisão lateral mesmo sentido,Sem Vítimas,Pleno dia,Decrescente,Céu Claro,Dupla,Reta,Sim,2,0,0,0,2,0,0,2,-16.7537,-49.2411,SPRF-GO,DEL01-GO,UOP01-DEL01-GO,0.9291268582840643,True
445007,2022-04-20,quarta-feira,18:30:00,GO,153.0,496,GOIANIA,Reação tardia ou ineficiente do condutor,Colisão traseira,Sem Vítimas,Plena Noite,Decrescente,Céu Claro,Dupla,Declive,Sim,2,0,0,0,2,0,0,2,-16.6939,-49.2321,SPRF-GO,DEL01-GO,UOP01-DEL01-GO,0.8178188162267467,True
445549,2022-04-23,sábado,14:56:00,GO,153.0,504,APARECIDA DE GOIANIA,Acessar a via sem observar a presença dos outros veículos,Colisão lateral mesmo sentido,Com Vítimas Feridas,Pleno dia,Crescente,Céu Claro,Dupla,Reta,Sim,2,0,1,0,1,0,1,1,-16.7633,-49.24,SPRF-GO,DEL01-GO,UOP01-DEL01-GO,0.5925342353211931,True
446771,2022-04-29,sexta-feira,20:30:00,GO,153.0,506,APARECIDA DE GOIANIA,Condutor deixou de manter distância do veículo da frente,Colisão traseira,Com Vítimas Feridas,Plena Noite,Crescente,Céu Claro,Dupla,Declive,Sim,2,0,1,0,0,1,1,2,-16.7633,-49.24,SPRF-GO,DEL01-GO,UOP01-DEL01-GO,0.5925342353211931,True
449581,2022-05-13,sexta-feira,10:34:00,TO,153.0,334,GUARAI,Desrespeitar a preferência no cruzamento,Colisão transversal,Com Vítimas Feridas,Pleno dia,Crescente,Céu Claro,Dupla,Reta,Sim,3,0,1,0,1,1,1,3,-8.835718,-48.512123,SPRF-TO,DEL02-TO,UOP02-DEL02-TO,289.19876273709025,False
452532,2022-05-28,sábado,15:49:00,GO,153.0,496,GOIANIA,Desrespeitar a preferência no cruzamento,Colisão lateral mesmo sentido,Com Vítimas Feridas,Pleno dia,Crescente,Céu Claro,Dupla,Interseção de Vias,Sim,2,0,0,1,1,0,1,2,-16.6776,-49.2314,SPRF-GO,DEL01-GO,UOP01-DEL01-GO,0.8018282521400307,True
453898,2022-06-04,sábado,16:30:00,GO,153.0,506,APARECIDA DE GOIANIA,Acessar a via sem observar a presença dos outros veículos,Colisão traseira,Com Vítimas Feridas,Pleno dia,Decrescente,Céu Claro,Múltipla,Reta,Sim,2,0,1,0,1,0,1,2,-16.7633,-49.24,SPRF-GO,DEL01-GO,UOP01-DEL01-GO,0.5925342353211931,True
454088,2022-06-05,domingo,13:56:00,TO,153.0,496,PARAISO DO TOCANTINS,Ausência de reação do condutor,Colisão traseira,Sem Vítimas,Pleno dia,Crescente,Céu Claro,Simples,Reta,Sim,2,0,0,0,2,0,0,2,-10.184686,-48.880363,SPRF-TO,DEL01-TO,UOP01-DEL01-TO,135.1266519596884,False
455905,2022-06-15,quarta-feira,07:00:00,GO,153.0,496,GOIANIA,Condutor deixou de manter distância do veículo da frente,Colisão traseira,Com Vítimas Feridas,Pleno dia,Crescente,Sol,Dupla,Reta,Sim,3,0,2,0,1,0,2,2,-16.6776,-49.2314,SPRF-GO,DEL01-GO,UOP01-DEL01-GO,0.8018282521400307,True
456664,2022-06-19,domingo,00:30:00,TO,153.0,499,PARAISO DO TOCANTINS,Ingestão de álcool pelo condutor,Saída de leito carroçável,Com Vítimas Feridas,Plena Noite,Crescente,Céu Claro,Simples,Aclive,Não,1,0,1,0,0,0,1,1,-10.20946602,-48.87425512,SPRF-TO,DEL01-TO,UOP01-DEL01-TO,132.4330188409946,False
457549,2022-06-23,quinta-feira,17:15:00,TO,153.0,496,PARAISO DO TOCANTINS,Acessar a via sem observar a presença dos outros veículos,Colisão frontal,Com Vítimas Feridas,Pleno dia,Crescente,Céu Claro,Dupla,Reta,Sim,3,0,2,0,1,0,2,2,-10.169291,-48.881182,SPRF-TO,DEL01-TO,UOP01-DEL01-TO,136.82688089813263,False
458465,2022-06-28,terça-feira,09:45:00,TO,153.0,141,ARAGUAINA,Acessar a via sem observar a presença dos outros veículos,Colisão transversal,Com Vítimas Feridas,Pleno dia,Decrescente,Céu Claro,Múltipla,Rotatória,Sim,2,0,1,0,1,0,1,2,-7.175959,-48.219548,SPRF-TO,DEL02-TO,UOP01-DEL02-TO,476.5457332592252,False
458568,2022-06-28,terça-feira,20:40:00,GO,153.0,496,GOIANIA,Pedestre cruzava a pista fora da faixa,Atropelamento de Pedestre,Com Vítimas Fatais,Plena Noite,Crescente,Céu Claro,Dupla,Reta,Sim,3,1,0,0,2,0,0,2,-16.6776,-49.2314,SPRF-GO,DEL01-GO,UOP01-DEL01-GO,0.8018282521400307,True
458857,2022-06-30,quinta-feira,19:05:00,GO,153.0,499,GOIANIA,Condutor deixou de manter distância do veículo da frente,Colisão traseira,Com Vítimas Feridas,Plena Noite,Crescente,Ignorado,Dupla,Reta,Sim,2,0,0,1,1,0,1,2,-16.7033,-49.2311,SPRF-GO,DEL01-GO,UOP01-DEL01-GO,0.13399340199001208,True
458954,2022-07-01,sexta-feira,09:10:00,GO,153.0,495,GOIANIA,Condutor deixou de manter distância do veículo da frente,Colisão traseira,Com Vítimas Feridas,Pleno dia,Crescente,Céu Claro,Dupla,Aclive,Sim,2,0,1,0,1,0,1,2,-16.6681,-49.2263,SPRF-GO,DEL01-GO,UOP01-DEL01-GO,0.02854451205891214,True
458971,2022-07-01,sexta-feira,08:45:00,TO,153.0,145,ARAGUAINA,Ausência de reação do condutor,Colisão traseira,Com Vítimas Feridas,Pleno dia,Crescente,Céu Claro,Dupla,Rotatória;Reta                ,Sim,3,0,2,0,1,0,2,2,-7.20503614,-48.24035166,SPRF-TO,DEL02-TO,UOP01-DEL02-TO,472.9674055189868,False
459504,2022-07-03,domingo,19:40:00,TO,153.0,145,ARAGUAINA,Acessar a via sem observar a presença dos outros veículos,Colisão transversal,Com Vítimas Feridas,Plena Noite,Decrescente,Céu Claro,Múltipla,Rotatória,Sim,2,0,1,0,1,0,1,2,-7.2050361379,-48.2403516552,SPRF-TO,DEL02-TO,UOP01-DEL02-TO,472.9674058388229,False
462009,2022-07-16,sábado,12:00:00,GO,153.0,494,GOIANIA,Condutor deixou de manter distância do veículo da frente,Colisão traseira,Com Vítimas Feridas,Pleno dia,Decrescente,Céu Claro,Simples,Interseção de Vias,Sim,2,0,1,0,1,0,1,2,-16.6614,-49.2218,SPRF-GO,DEL01-GO,UOP01-DEL01-GO,0.0151254537003197,True
463425,2022-07-23,sábado,08:05:00,TO,153.0,141,ARAGUAINA,Ausência de reação do condutor,Colisão frontal,Com Vítimas Feridas,Pleno dia,Decrescente,Céu Claro,Dupla,Retorno Regulamentado,Sim,2,0,1,0,1,0,1,2,-7.175959,-48.219548,SPRF-TO,DEL02-TO,UOP01-DEL02-TO,476.5457332592252,False
464093,2022-07-26,terça-feira,08:30:00,TO,153.0,496,PARAISO DO TOCANTINS,Acessar a via sem observar a presença dos outros veículos,Colisão transversal,Com Vítimas Feridas,Pleno dia,Decrescente,Céu Claro,Simples,Declive,Sim,3,0,1,0,2,0,1,2,-10.16527794,-48.88094578,SPRF-TO,DEL01-TO,UOP01-DEL01-TO,137.273798791892,False
465778,2022-08-03,quarta-feira,10:30:00,GO,153.0,506,GOIANIA,Frear bruscamente,Colisão com objeto,Sem Vítimas,Plena Noite,Crescente,Céu Claro,Múltipla,Reta,Sim,2,0,0,0,2,0,0,2,-16.7633,-49.24,SPRF-GO,DEL01-GO,UOP01-DEL01-GO,0.5925342353211931,True
467076,2022-08-10,quarta-feira,07:50:00,GO,153.0,494,GOIANIA,Ausência de reação do condutor,Colisão lateral mesmo sentido,Com Vítimas Feridas,Pleno dia,Decrescente,Céu Claro,Dupla,Reta,Sim,1,0,1,0,0,0,1,1,-16.6614,-49.2218,SPRF-GO,DEL01-GO,UOP01-DEL01-GO,0.0151254537003197,True
467476,2022-08-12,sexta-feira,08:35:00,GO,153.0,504,GOIANIA,Condutor deixou de manter distância do veículo da frente,Colisão traseira,Com Vítimas Feridas,Pleno dia,Decrescente,Céu Claro,Dupla,Reta,Sim,2,0,1,0,1,0,1,2,-16.7451,-49.2408,SPRF-GO,DEL01-GO,UOP01-DEL01-GO,0.027714961171786116,True
470094,2022-08-24,quarta-feira,20:55:00,GO,153.0,494,GOIANIA,Reação tardia ou ineficiente do condutor,Colisão com objeto,Com Vítimas Fatais,Plena Noite,Decrescente,Céu Claro,Dupla,Reta,Sim,1,1,0,0,0,0,0,1,-16.6614,-49.2218,SPRF-GO,DEL01-GO,UOP01-DEL01-GO,0.0151254537003197,True
470566,2022-08-27,sábado,08:05:00,GO,153.0,494,GOIANIA,Objeto estático sobre o leito carroçável,Colisão com objeto,Com Vítimas Feridas,Pleno dia,Crescente,Céu Claro,Dupla,Reta,Sim,1,0,1,0,0,0,1,1,-16.6614,-49.2218,SPRF-GO,DEL01-GO,UOP01-DEL01-GO,0.0151254537003197,True
473560,2022-09-10,sábado,17:28:00,TO,153.0,334,GUARAI,Ingestão de álcool pelo condutor,Colisão traseira,Sem Vítimas,Anoitecer,Decrescente,Céu Claro,Simples,Reta,Sim,2,0,0,0,2,0,0,2,-8.835718,-48.512123,SPRF-TO,DEL02-TO,UOP02-DEL02-TO,289.19876273709025,False
474370,2022-09-14,quarta-feira,15:45:00,GO,153.0,505,APARECIDA DE GOIANIA,Manobra de mudança de faixa,Colisão lateral mesmo sentido,Com Vítimas Feridas,Pleno dia,Crescente,Sol,Múltipla,Reta,Sim,4,0,1,0,1,2,1,3,-16.7454519,-49.24081033,SPRF-GO,DEL01-GO,UOP01-DEL01-GO,0.012183591584237029,True
474956,2022-09-17,sábado,12:17:00,GO,153.0,499,GOIANIA,Trafegar com motocicleta (ou similar) entre as faixas,Colisão traseira,Com Vítimas Fatais,Pleno dia,Crescente,Céu Claro,Dupla,Reta,Sim,3,1,0,0,2,0,0,3,-16.680022,-49.232838,SPRF-GO,DEL01-GO,UOP01-DEL01-GO,0.7387072711622784,True
475449,2022-09-19,segunda-feira,14:20:00,TO,153.0,145,ARAGUAINA,Avarias e/ou desgaste excessivo no pneu,Queda de ocupante de veículo,Com Vítimas Feridas,Pleno dia,Crescente,Céu Claro,Dupla,Reta,Sim,2,0,1,0,1,0,1,1,-7.20503614,-48.24035166,SPRF-TO,DEL02-TO,UOP01-DEL02-TO,472.9674055189868,False
477271,2022-09-27,terça-feira,18:20:00,TO,153.0,334,GUARAI,Reação tardia ou ineficiente do condutor,Atropelamento de Pedestre,Com Vítimas Feridas,Plena Noite,Decrescente,Céu Claro,Simples,Reta,Sim,2,0,2,0,0,0,2,2,-8.835718,-48.512123,SPRF-TO,DEL02-TO,UOP02-DEL02-TO,289.19876273709025,False
477776,2022-09-30,sexta-feira,16:00:00,TO,153.0,141,ARAGUAINA,Demais falhas mecânicas ou elétricas,Incêndio,Sem Vítimas,Pleno dia,Decrescente,Céu Claro,Múltipla,Reta,Sim,1,0,0,0,1,0,0,1,-7.17726147,-48.22057312,SPRF-TO,DEL02-TO,UOP01-DEL02-TO,476.3835404619387,False
479498,2022-10-08,sábado,12:25:00,TO,153.0,334,GUARAI,Ausência de reação do condutor,Atropelamento de Pedestre,Com Vítimas Feridas,Pleno dia,Crescente,Céu Claro,Dupla,Reta,Sim,2,0,1,0,0,1,1,2,-8.835718,-48.512123,SPRF-TO,DEL02-TO,UOP02-DEL02-TO,289.19876273709025,False
479943,2022-10-10,segunda-feira,20:43:00,TO,153.0,141,ARAGUAINA,Velocidade Incompatível,Saída de leito carroçável,Com Vítimas Feridas,Plena Noite,Crescente,Nublado,Dupla,Reta,Sim,2,0,1,0,0,1,1,2,-7.175959,-48.219548,SPRF-TO,DEL02-TO,UOP01-DEL02-TO,476.5457332592252,False
480297,2022-10-12,quarta-feira,21:45:00,GO,153.0,506,APARECIDA DE GOIANIA,Acessar a via sem observar a presença dos outros veículos,Colisão transversal,Com Vítimas Feridas,Plena Noite,Crescente,Céu Claro,Dupla,Retorno Regulamentado,Sim,2,0,1,0,0,1,1,2,-16.7633,-49.24,SPRF-GO,DEL01-GO,UOP01-DEL01-GO,0.5925342353211931,True
480927,2022-10-16,domingo,00:15:00,TO,153.0,141,ARAGUAINA,Condutor Dormindo,Saída de leito carroçável,Sem Vítimas,Plena Noite,Crescente,Céu Claro,Dupla,Reta,Sim,1,0,0,0,0,1,0,1,-7.175959,-48.219548,SPRF-TO,DEL02-TO,UOP01-DEL02-TO,476.5457332592252,False
481734,2022-10-12,quarta-feira,16:35:00,GO,153.0,495,GOIANIA,Manobra de mudança de faixa,Tombamento,Com Vítimas Feridas,Pleno dia,Crescente,Céu Claro,Dupla,Aclive,Sim,4,0,3,0,1,0,3,4,-16.6681,-49.2263,SPRF-GO,DEL01-GO,UOP01-DEL01-GO,0.02854451205891214,True
481764,2022-10-20,quinta-feira,14:05:00,TO,153.0,334,GUARAI,Reação tardia ou ineficiente do condutor,Colisão transversal,Sem Vítimas,Pleno dia,Crescente,Céu Claro,Dupla,Reta,Sim,2,0,0,0,2,0,0,2,-8.835718,-48.512123,SPRF-TO,DEL02-TO,UOP02-DEL02-TO,289.19876273709025,False
482195,2022-10-22,sábado,11:45:00,TO,153.0,145,ARAGUAINA,Acessar a via sem observar a presença dos outros veículos,Colisão lateral mesmo sentido,Com Vítimas Feridas,Pleno dia,Decrescente,Céu Claro,Simples,Reta,Sim,3,0,1,0,2,0,1,2,-7.20503614,-48.24035166,SPRF-TO,DEL02-TO,UOP01-DEL02-TO,472.9674055189868,False
483686,2022-10-29,sábado,19:00:00,GO,153.0,499,GOIANIA,Pedestre andava na pista,Atropelamento de Pedestre,Com Vítimas Feridas,Plena Noite,Decrescente,Nublado,Dupla,Reta,Sim,4,0,0,1,0,3,1,2,-16.7033,-49.2311,SPRF-GO,DEL01-GO,UOP01-DEL01-GO,0.13399340199001208,True
484337,2022-11-01,terça-feira,21:30:00,TO,153.0,334,GUARAI,Acessar a via sem observar a presença dos outros veículos,Colisão transversal,Com Vítimas Feridas,Plena Noite,Crescente,Céu Claro,Dupla,Reta,Sim,2,0,1,0,1,0,1,2,-8.835718,-48.512123,SPRF-TO,DEL02-TO,UOP02-DEL02-TO,289.19876273709025,False
484584,2022-11-03,quinta-feira,16:00:00,TO,153.0,145,ARAGUAINA,Acessar a via sem observar a presença dos outros veículos,Colisão traseira,Com Vítimas Feridas,Pleno dia,Decrescente,Céu Claro,Múltipla,Reta,Sim,2,0,2,0,0,0,2,2,-7.20503614,-48.24035166,SPRF-TO,DEL02-TO,UOP01-DEL02-TO,472.9674055189868,False
484897,2022-11-05,sábado,03:30:00,GO,153.0,506,APARECIDA DE GOIANIA,Condutor Dormindo,Colisão com objeto,Com Vítimas Feridas,Plena Noite,Crescente,Céu Claro,Dupla,Curva,Sim,1,0,1,0,0,0,1,1,-16.7633,-49.24,SPRF-GO,DEL01-GO,UOP01-DEL01-GO,0.5925342353211931,True
486376,2022-11-12,sábado,19:10:00,TO,153.0,496,PARAISO DO TOCANTINS,Desrespeitar a preferência no cruzamento,Colisão frontal,Com Vítimas Feridas,Plena Noite,Crescente,Nublado,Simples,Interseção de Vias,Sim,6,0,4,0,2,0,4,2,-10.181437,-48.880557,SPRF-TO,DEL01-TO,UOP01-DEL01-TO,135.48526791270913,False
489464,2022-11-24,quinta-feira,09:00:00,GO,153.0,506,APARECIDA DE GOIANIA,Condutor deixou de manter distância do veículo da frente,Queda de ocupante de veículo,Sem Vítimas,Pleno dia,Decrescente,Céu Claro,Dupla,Reta,Sim,2,0,0,0,1,1,0,2,-16.7633,-49.24,SPRF-GO,DEL01-GO,UOP01-DEL01-GO,0.5925342353211931,True
490802,2022-12-04,domingo,21:00:00,GO,153.0,495,GOIANIA,Condutor deixou de manter distância do veículo da frente,Colisão traseira,Sem Vítimas,Plena Noite,Crescente,Garoa/Chuvisco,Dupla,Reta,Sim,2,0,0,0,2,0,0,2,-16.6681,-49.2263,SPRF-GO,DEL01-GO,UOP01-DEL01-GO,0.02854451205891214,True
490977,2022-12-05,segunda-feira,15:40:00,PR,153.0,494,GENERAL CARNEIRO,Chuva,Colisão frontal,Com Vítimas Feridas,Pleno dia,Crescente,Chuva,Simples,Curva;Declive                 ,Não,5,0,2,0,3,0,2,2,-26.44404749,-51.31867284,SPRF-PR,DEL02-PR,UOP03-DEL02-PR,104.66649213747218,False
492955,2022-12-15,quinta-feira,16:02:00,GO,153.0,504,APARECIDA DE GOIANIA,Trafegar com motocicleta (ou similar) entre as faixas,Colisão lateral mesmo sentido,Com Vítimas Feridas,Pleno dia,Crescente,Céu Claro,Dupla,Reta,Sim,2,0,1,0,1,0,1,2,-16.7451,-49.2408,SPRF-GO,DEL01-GO,UOP01-DEL01-GO,0.027714961171786116,True
494718,2022-12-23,sexta-feira,11:30:00,TO,153.0,334,GUARAI,Desrespeitar a preferência no cruzamento,Colisão transversal,Com Vítimas Feridas,Pleno dia,Decrescente,Nublado,Dupla,Reta,Sim,2,0,1,0,1,0,1,2,-8.835718,-48.512123,SPRF-TO,DEL02-TO,UOP02-DEL02-TO,289.19876273709025,False
494788,2022-12-23,sexta-feira,17:20:00,GO,153.0,494,GOIANIA,Condutor deixou de manter distância do veículo da frente,Colisão traseira,Com Vítimas Feridas,Pleno dia,Decrescente,Garoa/Chuvisco,Dupla,Reta,Sim,4,0,0,1,2,1,1,3,-16.6614,-49.2218,SPRF-GO,DEL01-GO,UOP01-DEL01-GO,0.0151254537003197,True
495069,2022-12-24,sábado,22:00:00,TO,153.0,145,ARAGUAINA,Reação tardia ou ineficiente do condutor,Colisão transversal,Com Vítimas Feridas,Plena Noite,Crescente,Nublado,Múltipla,Reta,Sim,2,0,2,0,0,0,2,2,-7.20503614,-48.24035166,SPRF-TO,DEL02-TO,UOP01-DEL02-TO,472.9674055189868,False
495226,2022-12-25,domingo,16:35:00,PR,153.0,504,GENERAL CARNEIRO,Avarias e/ou desgaste excessivo no pneu,Colisão frontal,Com Vítimas Feridas,Pleno dia,Decrescente,Chuva,Simples,Curva;Aclive                  ,Não,6,0,3,2,1,0,5,2,-26.53447989,-51.36383057,SPRF-PR,DEL02-PR,UOP03-DEL02-PR,105.29094734071708,False
499552,2022-12-19,segunda-feira,07:45:00,GO,153.0,495,GOIANIA,Condutor deixou de manter distância do veículo da frente,Colisão traseira,Com Vítimas Feridas,Pleno dia,Crescente,Céu Claro,Dupla,Reta,Sim,1,0,1,0,0,0,1,1,-16.6159794,-49.213221,SPRF-GO,DEL01-GO,UOP01-DEL01-GO,1.1707971227340366,True
498274,2023-01-09,segunda-feira,16:50:00,GO,153.0,505,APARECIDA DE GOIANIA,Mal súbito do condutor,Colisão traseira,Com Vítimas Feridas,Pleno dia,Crescente,Nublado,Simples,Reta,Sim,2,0,1,0,1,0,1,2,-16.75365332,-49.2412591,SPRF-GO,DEL01-GO,UOP01-DEL01-GO,0.9249527809836605,True
499393,2023-01-15,domingo,18:40:00,TO,153.0,334,GUARAI,Desrespeitar a preferência no cruzamento,Colisão transversal,Com Vítimas Feridas,Pleno dia,Crescente,Céu Claro,Simples,Interseção de Vias,Não,2,0,0,1,1,0,1,2,-8.835718,-48.512123,SPRF-TO,DEL02-TO,UOP02-DEL02-TO,289.19876273709025,False
500679,2023-01-20,sexta-feira,19:45:00,PR,153.0,334,IRATI,Acessar a via sem observar a presença dos outros veículos,Colisão transversal,Com Vítimas Feridas,Plena Noite,Decrescente,Nublado,Simples,Reta,Não,3,0,2,0,1,0,2,2,-25.481234,-50.640733,SPRF-PR,DEL08-PR,UOP02-DEL08-PR,110.01566799427935,False
501340,2023-01-26,quinta-feira,10:15:00,GO,153.0,504,GOIANIA,Condutor deixou de manter distância do veículo da frente,Colisão traseira,Com Vítimas Feridas,Pleno dia,Crescente,Céu Claro,Dupla,Reta,Sim,4,0,1,0,3,0,1,4,-16.7451,-49.2408,SPRF-GO,DEL01-GO,UOP01-DEL01-GO,0.027714961171786116,True
503035,2023-02-04,sábado,10:15:00,GO,153.0,496,GOIANIA,Condutor deixou de manter distância do veículo da frente,Colisão traseira,Com Vítimas Feridas,Pleno dia,Crescente,Céu Claro,Dupla,Reta,Sim,3,0,0,1,2,0,1,3,-16.6776,-49.2314,SPRF-GO,DEL01-GO,UOP01-DEL01-GO,0.8018282521400307,True
511335,2023-03-18,sábado,15:40:00,GO,153.0,505,APARECIDA DE GOIANIA,Entrada inopinada do pedestre,Atropelamento de Pedestre,Com Vítimas Feridas,Pleno dia,Decrescente,Nublado,Dupla,Reta,Sim,4,0,0,1,1,2,1,2,-16.7537,-49.2411,SPRF-GO,DEL01-GO,UOP01-DEL01-GO,0.9291268582840643,True
516689,2023-04-14,sexta-feira,07:00:00,GO,153.0,506,APARECIDA DE GOIANIA,Trafegar com motocicleta (ou similar) entre as faixas,Tombamento,Com Vítimas Feridas,Pleno dia,Crescente,Céu Claro,Múltipla,Reta,Sim,2,0,0,1,1,0,1,2,-16.7633,-49.24,SPRF-GO,DEL01-GO,UOP01-DEL01-GO,0.5925342353211931,True
516919,2023-04-15,sábado,03:40:00,GO,153.0,494,GOIANIA,Ingestão de álcool pelo condutor,Colisão lateral mesmo sentido,Com Vítimas Feridas,Plena Noite,Decrescente,Céu Claro,Dupla,Declive;Ponte;Reta            ,Sim,2,0,1,0,1,0,1,2,-16.65412188,-49.21724153,SPRF-GO,DEL01-GO,UOP01-DEL01-GO,0.1693418071121621,True
518153,2023-04-20,quinta-feira,22:15:00,GO,153.0,504,APARECIDA DE GOIANIA,Acesso irregular,Colisão transversal,Com Vítimas Feridas,Plena Noite,Crescente,Céu Claro,Dupla,Reta;Declive                  ,Não,3,0,0,1,1,1,1,3,-16.7451,-49.2408,SPRF-GO,DEL01-GO,UOP01-DEL01-GO,0.027714961171786116,True
519489,2023-04-27,quinta-feira,12:00:00,TO,153.0,494,PARAISO DO TOCANTINS,Acessar a via sem observar a presença dos outros veículos,Colisão transversal,Com Vítimas Feridas,Pleno dia,Decrescente,Céu Claro,Simples,Reta;Interseção de Vias       ,Sim,4,0,1,0,3,0,1,2,-10.16496169,-48.88094723,SPRF-TO,DEL01-TO,UOP01-DEL01-TO,137.30885471917767,False
524316,2023-05-20,sábado,20:04:00,TO,153.0,334,GUARAI,Ingestão de álcool pelo condutor,Colisão lateral mesmo sentido,Com Vítimas Feridas,Plena Noite,Crescente,Céu Claro,Dupla,Reta,Sim,2,0,0,1,1,0,1,2,-8.835718,-48.512123,SPRF-TO,DEL02-TO,UOP02-DEL02-TO,289.19876273709025,False
524643,2023-05-22,segunda-feira,09:20:00,GO,153.0,494,GOIANIA,Ausência de reação do condutor,Colisão traseira,Sem Vítimas,Pleno dia,Crescente,Sol,Dupla,Aclive;Reta                   ,Sim,3,0,0,0,3,0,0,3,-16.6614,-49.2218,SPRF-GO,DEL01-GO,UOP01-DEL01-GO,0.0151254537003197,True
528826,2023-06-11,domingo,14:50:00,PR,153.0,494,GENERAL CARNEIRO,Chuva,Saída de leito carroçável,Com Vítimas Feridas,Pleno dia,Decrescente,Chuva,Simples,Curva;Declive                 ,Não,1,0,1,0,0,0,1,1,-26.46504095,-51.32383347,SPRF-PR,DEL02-PR,UOP03-DEL02-PR,104.21969175307805,False
532497,2023-06-29,quinta-feira,08:45:00,GO,153.0,495,GOIANIA,Estacionar ou parar em local proibido,Colisão traseira,Com Vítimas Fatais,Pleno dia,Decrescente,Sol,Dupla,Reta,Sim,3,1,0,0,2,0,0,2,-16.6681,-49.2263,SPRF-GO,DEL01-GO,UOP01-DEL01-GO,0.02854451205891214,True
534799,2023-07-09,domingo,18:10:00,TO,153.0,495,PARAISO DO TOCANTINS,Ausência de reação do condutor,Colisão transversal,Com Vítimas Feridas,Plena Noite,Crescente,Céu Claro,Simples,Interseção de Vias;Reta;Decliv,Não,2,0,0,1,1,0,1,2,-10.18186849,-48.8802284,SPRF-TO,DEL01-TO,UOP01-DEL01-TO,135.440157311534,False
535674,2023-07-14,sexta-feira,03:20:00,TO,153.0,141,ARAGUAINA,Acessar a via sem observar a presença dos outros veículos,Saída de leito carroçável,Sem Vítimas,Plena Noite,Decrescente,Céu Claro,Dupla,Reta,Sim,1,0,0,0,1,0,0,1,-7.175959,-48.219548,SPRF-TO,DEL02-TO,UOP01-DEL02-TO,476.5457332592252,False
535705,2023-07-14,sexta-feira,07:24:00,TO,153.0,141,ARAGUAINA,Ausência de reação do condutor,Colisão traseira,Sem Vítimas,Pleno dia,Crescente,Céu Claro,Dupla,Rotatória;Curva               ,Sim,2,0,0,0,2,0,0,2,-7.175959,-48.219548,SPRF-TO,DEL02-TO,UOP01-DEL02-TO,476.5457332592252,False
538649,2023-07-28,sexta-feira,09:10:00,GO,153.0,145,MARA ROSA,Demais falhas mecânicas ou elétricas,Colisão transversal,Com Vítimas Feridas,Pleno dia,Crescente,Céu Claro,Simples,Reta,Não,2,0,0,1,1,0,1,2,-14.038253,-49.088352,SPRF-GO,DEL07-GO,UOP02-DEL07-GO,5.9748294244128015,False
538710,2023-07-28,sexta-feira,15:10:00,TO,153.0,495,PARAISO DO TOCANTINS,Ausência de sinalização,Engavetamento,Com Vítimas Feridas,Pleno dia,Crescente,Céu Claro,Simples,Reta,Sim,7,0,1,0,6,0,1,4,-10.17523682,-48.88052881,SPRF-TO,DEL01-TO,UOP01-DEL01-TO,136.17295686239254,False
539684,2023-08-01,terça-feira,21:25:00,TO,153.0,506,PARAISO DO TOCANTINS,Demais falhas mecânicas ou elétricas,Incêndio,Sem Vítimas,Plena Noite,Crescente,Céu Claro,Simples,Reta,Não,1,0,0,0,1,0,0,1,-10.254444,-48.87909303,SPRF-TO,DEL01-TO,UOP01-DEL01-TO,127.40509548105385,False
545661,2023-08-31,quinta-feira,15:48:00,TO,153.0,145,ARAGUAINA,Ausência de reação do condutor,Colisão traseira,Sem Vítimas,Pleno dia,Decrescente,Céu Claro,Múltipla,Ponte;Reta                    ,Sim,2,0,0,0,2,0,0,2,-7.20503614,-48.24035166,SPRF-TO,DEL02-TO,UOP01-DEL02-TO,472.9674055189868,False
547080,2023-09-07,quinta-feira,01:50:00,TO,153.0,141,ARAGUAINA,Reação tardia ou ineficiente do condutor,Colisão com objeto,Sem Vítimas,Plena Noite,Decrescente,Chuva,Dupla,Reta,Sim,1,0,0,0,0,1,0,1,-7.18358757,-48.2264185,SPRF-TO,DEL02-TO,UOP01-DEL02-TO,475.57957306902506,False
549204,2023-09-17,domingo,09:20:00,GO,153.0,505,APARECIDA DE GOIANIA,Ingestão de álcool ou de substâncias psicoativas pelo pedestre,Colisão traseira,Com Vítimas Feridas,Pleno dia,Decrescente,Céu Claro,Dupla,Reta,Não,3,0,2,0,1,0,2,2,-16.7537,-49.2411,SPRF-GO,DEL01-GO,UOP01-DEL01-GO,0.9291268582840643,True
551019,2023-09-26,terça-feira,08:00:00,GO,153.0,505,APARECIDA DE GOIANIA,Deficiência do Sistema de Iluminação/Sinalização,Colisão traseira,Com Vítimas Feridas,Pleno dia,Crescente,Céu Claro,Simples,Reta,Sim,2,0,1,0,1,0,1,2,-16.7537,-49.2411,SPRF-GO,DEL01-GO,UOP01-DEL01-GO,0.9291268582840643,True
551296,2023-09-27,quarta-feira,15:15:00,TO,153.0,496,PARAISO DO TOCANTINS,Velocidade Incompatível,Colisão frontal,Com Vítimas Fatais,Pleno dia,Decrescente,Céu Claro,Simples,Curva,Não,2,1,0,0,1,0,0,2,-10.16527794,-48.88094578,SPRF-TO,DEL01-TO,UOP01-DEL01-TO,137.273798791892,False
551317,2023-09-27,quarta-feira,15:30:00,TO,153.0,145,ARAGUAINA,Estacionar ou parar em local proibido,Colisão traseira,Com Vítimas Fatais,Pleno dia,Decrescente,Céu Claro,Dupla,Rotatória;Reta;Interseção de V,Sim,2,1,0,0,1,0,0,2,-7.20503614,-48.24035166,SPRF-TO,DEL02-TO,UOP01-DEL02-TO,472.9674055189868,False
551446,2023-07-06,quinta-feira,14:30:00,PR,153.0,499,GENERAL CARNEIRO,Reação tardia ou ineficiente do condutor,Colisão frontal,Com Vítimas Fatais,Pleno dia,Crescente,Céu Claro,Simples,Curva,Não,4,1,1,2,0,0,3,3,-26.44506181,-51.31954193,SPRF-PR,DEL02-PR,UOP03-DEL02-PR,104.7001700724874,False
553697,2023-10-08,domingo,15:30:00,PR,153.0,499,GENERAL CARNEIRO,Ultrapassagem Indevida,Colisão transversal,Com Vítimas Fatais,Plena Noite,Decrescente,Chuva,Simples,Curva,Não,3,2,0,0,1,0,0,2,-26.54338716,-51.39919281,SPRF-PR,DEL02-PR,UOP03-DEL02-PR,108.35458527902485,False
556139,2023-10-20,sexta-feira,15:15:00,TO,153.0,495,PARAISO DO TOCANTINS,Acessar a via sem observar a presença dos outros veículos,Colisão transversal,Com Vítimas Feridas,Pleno dia,Crescente,Sol,Simples,Reta,Sim,2,0,1,0,1,0,1,2,-10.17065684,-48.88083458,SPRF-TO,DEL01-TO,UOP01-DEL01-TO,136.6782719462013,False
557280,2023-10-26,quinta-feira,08:50:00,PR,153.0,504,GENERAL CARNEIRO,Transitar na contramão,Colisão frontal,Com Vítimas Fatais,Pleno dia,Crescente,Chuva,Simples,Curva,Não,2,1,1,0,0,0,1,2,-26.44905791,-51.32125854,SPRF-PR,DEL02-PR,UOP03-DEL02-PR,104.67869733789169,False
562337,2023-11-19,domingo,19:50:00,TO,153.0,499,PARAISO DO TOCANTINS,Acessar a via sem observar a presença dos outros veículos,Colisão transversal,Sem Vítimas,Plena Noite,Crescente,Nublado,Simples,Aclive;Curva;Interseção de Via,Não,3,0,0,0,3,0,0,2,-10.190489,-48.87984,SPRF-TO,DEL01-TO,UOP01-DEL01-TO,134.48766033967533,False
562473,2023-11-20,segunda-feira,07:30:00,PR,153.0,334,IRATI,Ausência de reação do condutor,Colisão traseira,Com Vítimas Feridas,Pleno dia,Crescente,Céu Claro,Simples,Reta,Sim,2,0,0,1,1,0,1,2,-25.481234,-50.640733,SPRF-PR,DEL08-PR,UOP02-DEL08-PR,110.01566799427935,False
563230,2023-11-24,sexta-feira,06:20:00,PR,153.0,494,GENERAL CARNEIRO,Ausência de reação do condutor,Tombamento,Sem Vítimas,Pleno dia,Decrescente,Céu Claro,Simples,Curva,Não,1,0,0,0,1,0,0,1,-26.46627032,-51.32434845,SPRF-PR,DEL02-PR,UOP03-DEL02-PR,104.2147344213876,False
565906,2023-12-06,quarta-feira,16:12:00,GO,153.0,506,GOIANIA,Manobra de mudança de faixa,Colisão lateral mesmo sentido,Com Vítimas Feridas,Pleno dia,Decrescente,Céu Claro,Dupla,Reta,Sim,3,0,1,0,2,0,1,2,-16.7633,-49.24,SPRF-GO,DEL01-GO,UOP01-DEL01-GO,0.5925342353211931,True
565942,2023-12-06,quarta-feira,19:00:00,GO,153.0,495,GOIANIA,Reação tardia ou ineficiente do condutor,Queda de ocupante de veículo,Com Vítimas Fatais,Plena Noite,Crescente,Céu Claro,Dupla,Aclive,Sim,3,1,0,0,1,1,0,2,-16.6681,-49.2263,SPRF-GO,DEL01-GO,UOP01-DEL01-GO,0.02854451205891214,True
568839,2023-12-18,segunda-feira,22:00:00,GO,153.0,504,APARECIDA DE GOIANIA,Chuva,Colisão traseira,Com Vítimas Feridas,Plena Noite,Crescente,Chuva,Dupla,Reta;Declive                  ,Sim,12,0,2,0,10,0,2,6,-16.7451,-49.2408,SPRF-GO,DEL01-GO,UOP01-DEL01-GO,0.027714961171786116,True
569528,2023-12-21,quinta-feira,17:30:00,GO,153.0,495,GOIANIA,Ausência de reação do condutor,Colisão com objeto,Com Vítimas Feridas,Pleno dia,Crescente,Céu Claro,Dupla,Reta,Sim,1,0,1,0,0,0,1,1,-16.6681,-49.2263,SPRF-GO,DEL01-GO,UOP01-DEL01-GO,0.02854451205891214,True
571302,2023-12-29,sexta-feira,15:00:00,GO,153.0,499,GOIANIA,Chuva,Saída de leito carroçável,Com Vítimas Feridas,Pleno dia,Decrescente,Chuva,Dupla,Curva,Sim,2,0,1,0,1,0,1,1,-16.7033,-49.2311,SPRF-GO,DEL01-GO,UOP01-DEL01-GO,0.13399340199001208,True
550549,2023-09-24,domingo,00:20:00,TO,153.0,496,PARAISO DO TOCANTINS,Ingestão de álcool pelo condutor,Colisão lateral mesmo sentido,Com Vítimas Feridas,Plena Noite,Crescente,Céu Claro,Simples,Declive,Sim,2,0,1,0,0,1,1,2,-10.18719376,-48.88044834,SPRF-TO,DEL01-TO,UOP01-DEL01-TO,134.8479005708433,False
497624,2023-01-06,sexta-feira,18:20:00,TO,153.0,494,PARAISO DO TOCANTINS,Acessar a via sem observar a presença dos outros veículos,Colisão frontal,Com Vítimas Feridas,Pleno dia,Crescente,Céu Claro,Simples,Interseção de Vias,Sim,2,0,1,0,1,0,1,2,-10.15679116,-48.88263755,SPRF-TO,DEL01-TO,UOP01-DEL01-TO,138.20130746262217,False
497632,2023-01-06,sexta-feira,18:40:00,GO,153.0,506,APARECIDA DE GOIANIA,Condutor deixou de manter distância do veículo da frente,Colisão traseira,Com Vítimas Feridas,Anoitecer,Decrescente,Céu Claro,Múltipla,Reta,Sim,2,0,1,1,0,0,2,2,-16.7633,-49.24,SPRF-GO,DEL01-GO,UOP01-DEL01-GO,0.5925342353211931,True
497682,2023-01-07,sábado,00:30:00,TO,153.0,145,ARAGUAINA,Acessar a via sem observar a presença dos outros veículos,Colisão transversal,Com Vítimas Feridas,Plena Noite,Crescente,Nublado,Múltipla,Reta;Rotatória                ,Sim,4,0,1,0,3,0,1,2,-7.20503614,-48.24035166,SPRF-TO,DEL02-TO,UOP01-DEL02-TO,472.9674055189868,False
498430,2023-01-10,terça-feira,15:45:00,GO,153.0,506,APARECIDA DE GOIANIA,Reação tardia ou ineficiente do condutor,Colisão lateral mesmo sentido,Com Vítimas Feridas,Pleno dia,Crescente,Nublado,Dupla,Reta;Declive                  ,Sim,2,0,1,0,1,0,1,2,-16.7633,-49.24,SPRF-GO,DEL01-GO,UOP01-DEL01-GO,0.5925342353211931,True
499794,2023-01-17,terça-feira,20:50:00,GO,153.0,506,APARECIDA DE GOIANIA,Reação tardia ou ineficiente do condutor,Colisão com objeto,Com Vítimas Feridas,Plena Noite,Decrescente,Nublado,Dupla,Aclive,Sim,1,0,1,0,0,0,1,1,-16.7633,-49.24,SPRF-GO,DEL01-GO,UOP01-DEL01-GO,0.5925342353211931,True
502785,2023-02-03,sexta-feira,08:07:00,GO,153.0,506,APARECIDA DE GOIANIA,Condutor deixou de manter distância do veículo da frente,Engavetamento,Sem Vítimas,Pleno dia,Decrescente,Céu Claro,Múltipla,Reta,Sim,3,0,0,0,3,0,0,3,-16.7633,-49.24,SPRF-GO,DEL01-GO,UOP01-DEL01-GO,0.5925342353211931,True
502918,2023-02-03,sexta-feira,20:30:00,GO,153.0,505,APARECIDA DE GOIANIA,Condutor deixou de manter distância do veículo da frente,Queda de ocupante de veículo,Com Vítimas Feridas,Plena Noite,Crescente,Céu Claro,Dupla,Reta,Sim,1,0,1,0,0,0,1,1,-16.7537,-49.2411,SPRF-GO,DEL01-GO,UOP01-DEL01-GO,0.9291268582840643,True
503422,2023-02-06,segunda-feira,04:31:00,TO,153.0,145,ARAGUAINA,Animais na Pista,Atropelamento de Animal,Com Vítimas Feridas,Plena Noite,Crescente,Nublado,Simples,Reta,Sim,2,0,2,0,0,0,2,1,-7.20503614,-48.24035166,SPRF-TO,DEL02-TO,UOP01-DEL02-TO,472.9674055189868,False
503850,2023-02-08,quarta-feira,10:00:00,GO,153.0,499,GOIANIA,Avarias e/ou desgaste excessivo no pneu,Queda de ocupante de veículo,Com Vítimas Feridas,Pleno dia,Crescente,Céu Claro,Dupla,Reta,Sim,2,0,0,2,0,0,2,1,-16.7033,-49.2311,SPRF-GO,DEL01-GO,UOP01-DEL01-GO,0.13399340199001208,True
505037,2023-02-14,terça-feira,08:21:00,TO,153.0,496,PARAISO DO TOCANTINS,Acessar a via sem observar a presença dos outros veículos,Colisão lateral mesmo sentido,Com Vítimas Feridas,Pleno dia,Crescente,Céu Claro,Simples,Retorno Regulamentado,Sim,2,0,1,0,1,0,1,2,-10.16527794,-48.88094578,SPRF-TO,DEL01-TO,UOP01-DEL01-TO,137.273798791892,False
506222,2023-02-19,domingo,20:43:00,TO,153.0,145,ARAGUAINA,Entrada inopinada do pedestre,Atropelamento de Pedestre,Com Vítimas Feridas,Plena Noite,Decrescente,Ignorado,Dupla,Reta,Sim,2,0,0,1,1,0,1,2,-7.20503614,-48.24035166,SPRF-TO,DEL02-TO,UOP01-DEL02-TO,472.9674055189868,False
506618,2023-02-22,quarta-feira,11:10:00,TO,153.0,145,ARAGUAINA,Velocidade Incompatível,Colisão frontal,Com Vítimas Feridas,Pleno dia,Crescente,Céu Claro,Dupla,Retorno Regulamentado;Reta    ,Sim,3,0,2,0,1,0,2,2,-7.20503614,-48.24035166,SPRF-TO,DEL02-TO,UOP01-DEL02-TO,472.9674055189868,False
506830,2023-02-23,quinta-feira,15:07:00,GO,153.0,504,APARECIDA DE GOIANIA,Ausência de reação do condutor,Colisão lateral mesmo sentido,Com Vítimas Feridas,Pleno dia,Crescente,Chuva,Dupla,Reta,Sim,2,0,1,0,1,0,1,2,-16.7451,-49.2408,SPRF-GO,DEL01-GO,UOP01-DEL01-GO,0.027714961171786116,True
508132,2023-03-03,sexta-feira,07:29:00,TO,153.0,141,ARAGUAINA,Acesso irregular,Colisão lateral mesmo sentido,Com Vítimas Feridas,Pleno dia,Crescente,Céu Claro,Múltipla,Reta,Sim,3,0,1,1,1,0,2,2,-7.175959,-48.219548,SPRF-TO,DEL02-TO,UOP01-DEL02-TO,476.5457332592252,False
509591,2023-03-10,sexta-feira,09:33:00,TO,153.0,141,ARAGUAINA,Manobra de mudança de faixa,Colisão lateral mesmo sentido,Com Vítimas Feridas,Pleno dia,Crescente,Céu Claro,Múltipla,Retorno Regulamentado;Reta    ,Sim,2,0,1,0,1,0,1,2,-7.1789465,-48.22279215,SPRF-TO,DEL02-TO,UOP01-DEL02-TO,476.15675137817766,False
511169,2023-03-17,sexta-feira,20:25:00,GO,153.0,506,APARECIDA DE GOIANIA,Objeto estático sobre o leito carroçável,Colisão com objeto,Com Vítimas Feridas,Plena Noite,Crescente,Garoa/Chuvisco,Dupla,Reta;Aclive                   ,Não,1,0,1,0,0,0,1,1,-16.7633,-49.24,SPRF-GO,DEL01-GO,UOP01-DEL01-GO,0.5925342353211931,True
513023,2023-03-26,domingo,19:30:00,GO,153.0,495,GOIANIA,Animais na Pista,Atropelamento de Animal,Com Vítimas Feridas,Plena Noite,Decrescente,Céu Claro,Dupla,Reta;Declive                  ,Sim,1,0,0,1,0,0,1,1,-16.6681,-49.2263,SPRF-GO,DEL01-GO,UOP01-DEL01-GO,0.02854451205891214,True
513191,2023-03-27,segunda-feira,13:50:00,TO,153.0,141,ARAGUAINA,Acesso irregular,Colisão transversal,Com Vítimas Feridas,Pleno dia,Decrescente,Céu Claro,Dupla,Rotatória,Sim,1,0,0,1,0,0,1,1,-7.175959,-48.219548,SPRF-TO,DEL02-TO,UOP01-DEL02-TO,476.5457332592252,False
513422,2023-03-28,terça-feira,18:26:00,TO,153.0,145,ARAGUAINA,Manobra de mudança de faixa,Colisão lateral mesmo sentido,Com Vítimas Feridas,Plena Noite,Decrescente,Chuva,Simples,Reta,Sim,2,0,0,1,1,0,1,2,-7.20503614,-48.24035166,SPRF-TO,DEL02-TO,UOP01-DEL02-TO,472.9674055189868,False
514196,2023-04-01,sábado,18:00:00,GO,153.0,504,APARECIDA DE GOIANIA,Ausência de reação do condutor,Colisão traseira,Com Vítimas Feridas,Anoitecer,Decrescente,Céu Claro,Dupla,Reta,Sim,2,0,0,1,1,0,1,2,-16.7451,-49.2408,SPRF-GO,DEL01-GO,UOP01-DEL01-GO,0.027714961171786116,True
516564,2023-04-13,quinta-feira,12:15:00,GO,153.0,504,APARECIDA DE GOIANIA,Ultrapassagem Indevida,Colisão lateral mesmo sentido,Com Vítimas Feridas,Pleno dia,Decrescente,Céu Claro,Dupla,Reta,Sim,2,0,2,0,0,0,2,1,-16.7451,-49.2408,SPRF-GO,DEL01-GO,UOP01-DEL01-GO,0.027714961171786116,True
517113,2023-04-16,domingo,04:30:00,GO,153.0,496,GOIANIA,Ingestão de álcool pelo condutor,Colisão com objeto,Com Vítimas Feridas,Amanhecer,Decrescente,Céu Claro,Dupla,Reta,Sim,1,0,1,0,0,0,1,1,-16.6776,-49.2314,SPRF-GO,DEL01-GO,UOP01-DEL01-GO,0.8018282521400307,True
517183,2023-04-16,domingo,13:40:00,GO,153.0,499,GOIANIA,Acumulo de areia ou detritos sobre o pavimento,Colisão lateral mesmo sentido,Com Vítimas Feridas,Pleno dia,Decrescente,Céu Claro,Dupla,Reta,Sim,2,0,0,1,1,0,1,2,-16.7033,-49.2311,SPRF-GO,DEL01-GO,UOP01-DEL01-GO,0.13399340199001208,True
517271,2023-04-16,domingo,19:40:00,GO,153.0,506,APARECIDA DE GOIANIA,Reação tardia ou ineficiente do condutor,Colisão traseira,Sem Vítimas,Plena Noite,Crescente,Céu Claro,Dupla,Retorno Regulamentado,Sim,2,0,0,0,2,0,0,2,-16.75619501,-49.24104821,SPRF-GO,DEL01-GO,UOP01-DEL01-GO,1.2059736415259386,True
518850,2023-04-24,segunda-feira,09:30:00,TO,153.0,499,PARAISO DO TOCANTINS,Condutor deixou de manter distância do veículo da frente,Colisão traseira,Com Vítimas Feridas,Pleno dia,Decrescente,Céu Claro,Simples,Reta,Sim,2,0,0,1,1,0,1,2,-10.19275595,-48.87879892,SPRF-TO,DEL01-TO,UOP01-DEL01-TO,134.2451635487171,False
519028,2023-04-25,terça-feira,07:17:00,TO,153.0,141,ARAGUAINA,Ausência de sinalização,Atropelamento de Pedestre,Com Vítimas Feridas,Pleno dia,Crescente,Céu Claro,Dupla,Reta,Sim,2,0,0,1,0,1,1,2,-7.175959,-48.219548,SPRF-TO,DEL02-TO,UOP01-DEL02-TO,476.5457332592252,False
520444,2023-05-01,segunda-feira,18:30:00,GO,153.0,506,APARECIDA DE GOIANIA,Ingestão de álcool pelo condutor,Colisão com objeto,Sem Vítimas,Plena Noite,Crescente,Céu Claro,Dupla,Reta;Declive                  ,Sim,1,0,0,0,1,0,0,1,-16.7633,-49.24,SPRF-GO,DEL01-GO,UOP01-DEL01-GO,0.5925342353211931,True
520924,2023-05-04,quinta-feira,07:30:00,GO,153.0,506,APARECIDA DE GOIANIA,Condutor deixou de manter distância do veículo da frente,Colisão traseira,Com Vítimas Feridas,Pleno dia,Decrescente,Céu Claro,Dupla,Declive,Sim,3,0,2,0,1,0,2,2,-16.7633,-49.24,SPRF-GO,DEL01-GO,UOP01-DEL01-GO,0.5925342353211931,True
522078,2023-05-10,quarta-feira,04:26:00,GO,153.0,506,APARECIDA DE GOIANIA,Velocidade Incompatível,Saída de leito carroçável,Sem Vítimas,Amanhecer,Decrescente,Céu Claro,Múltipla,Curva,Sim,1,0,0,0,1,0,0,1,-16.7633,-49.24,SPRF-GO,DEL01-GO,UOP01-DEL01-GO,0.5925342353211931,True
522629,2023-05-12,sexta-feira,19:26:00,GO,153.0,504,GOIANIA,Velocidade Incompatível,Colisão traseira,Com Vítimas Feridas,Plena Noite,Crescente,Céu Claro,Dupla,Reta,Sim,3,0,1,0,2,0,1,2,-16.7451,-49.2408,SPRF-GO,DEL01-GO,UOP01-DEL01-GO,0.027714961171786116,True
523745,2023-05-18,quinta-feira,08:16:00,TO,153.0,145,ARAGUAINA,Ausência de reação do condutor,Colisão traseira,Com Vítimas Feridas,Pleno dia,Decrescente,Céu Claro,Múltipla,Rotatória,Sim,2,0,1,0,1,0,1,2,-7.20503614,-48.24035166,SPRF-TO,DEL02-TO,UOP01-DEL02-TO,472.9674055189868,False
524246,2023-05-20,sábado,14:50:00,TO,153.0,141,ARAGUAINA,Acessar a via sem observar a presença dos outros veículos,Colisão lateral mesmo sentido,Com Vítimas Feridas,Pleno dia,Crescente,Céu Claro,Múltipla,Reta,Sim,2,0,2,0,0,0,2,2,-7.175959,-48.219548,SPRF-TO,DEL02-TO,UOP01-DEL02-TO,476.5457332592252,False
525204,2023-05-25,quinta-feira,13:15:00,GO,153.0,494,GOIANIA,Reação tardia ou ineficiente do condutor,Colisão traseira,Com Vítimas Feridas,Pleno dia,Decrescente,Céu Claro,Dupla,Declive;Reta                  ,Sim,2,0,1,0,1,0,1,2,-16.6614,-49.2218,SPRF-GO,DEL01-GO,UOP01-DEL01-GO,0.0151254537003197,True
527281,2023-06-04,domingo,05:20:00,GO,153.0,504,APARECIDA DE GOIANIA,Ingestão de álcool pelo condutor,Colisão com objeto,Com Vítimas Fatais,Amanhecer,Crescente,Céu Claro,Dupla,Reta,Sim,2,1,1,0,0,0,1,1,-16.7451,-49.2408,SPRF-GO,DEL01-GO,UOP01-DEL01-GO,0.027714961171786116,True
527702,2023-06-06,terça-feira,08:36:00,GO,153.0,505,APARECIDA DE GOIANIA,Condutor deixou de manter distância do veículo da frente,Colisão lateral mesmo sentido,Com Vítimas Feridas,Pleno dia,Crescente,Céu Claro,Dupla,Reta,Sim,3,0,1,0,2,0,1,2,-16.7537,-49.2411,SPRF-GO,DEL01-GO,UOP01-DEL01-GO,0.9291268582840643,True
529191,2023-06-13,terça-feira,07:52:00,GO,153.0,505,APARECIDA DE GOIANIA,Condutor deixou de manter distância do veículo da frente,Colisão traseira,Com Vítimas Feridas,Pleno dia,Decrescente,Céu Claro,Dupla,Reta,Sim,2,0,1,0,1,0,1,2,-16.7537,-49.2411,SPRF-GO,DEL01-GO,UOP01-DEL01-GO,0.9291268582840643,True
530847,2023-06-21,quarta-feira,08:51:00,TO,153.0,496,PARAISO DO TOCANTINS,Desrespeitar a preferência no cruzamento,Colisão frontal,Com Vítimas Feridas,Pleno dia,Crescente,Céu Claro,Simples,Reta;Interseção de Vias       ,Sim,2,0,1,0,1,0,1,2,-10.16527794,-48.88094578,SPRF-TO,DEL01-TO,UOP01-DEL01-TO,137.273798791892,False
530959,2023-06-21,quarta-feira,22:10:00,GO,153.0,505,APARECIDA DE GOIANIA,Condutor deixou de manter distância do veículo da frente,Colisão lateral mesmo sentido,Com Vítimas Feridas,Plena Noite,Crescente,Céu Claro,Dupla,Reta,Sim,2,0,1,0,1,0,1,2,-16.7537,-49.2411,SPRF-GO,DEL01-GO,UOP01-DEL01-GO,0.9291268582840643,True
530961,2023-04-19,quarta-feira,08:00:00,GO,153.0,499,GOIANIA,Chuva,Colisão traseira,Com Vítimas Feridas,Pleno dia,Crescente,Chuva,Dupla,Reta;Viaduto                  ,Sim,2,0,0,1,0,1,1,2,-16.7033,-49.2311,SPRF-GO,DEL01-GO,UOP01-DEL01-GO,0.13399340199001208,True
531135,2023-06-22,quinta-feira,19:10:00,GO,153.0,505,APARECIDA DE GOIANIA,Velocidade Incompatível,Colisão traseira,Com Vítimas Feridas,Anoitecer,Crescente,Céu Claro,Dupla,Reta,Sim,2,0,1,0,1,0,1,2,-16.7537,-49.2411,SPRF-GO,DEL01-GO,UOP01-DEL01-GO,0.9291268582840643,True
531234,2023-06-23,sexta-feira,08:30:00,GO,153.0,494,GOIANIA,Ausência de reação do condutor,Colisão traseira,Com Vítimas Feridas,Pleno dia,Crescente,Céu Claro,Dupla,Reta,Sim,4,0,1,0,3,0,1,4,-16.6614,-49.2218,SPRF-GO,DEL01-GO,UOP01-DEL01-GO,0.0151254537003197,True
531369,2023-06-23,sexta-feira,20:00:00,GO,153.0,496,GOIANIA,Ausência de reação do condutor,Colisão traseira,Com Vítimas Feridas,Plena Noite,Crescente,Céu Claro,Dupla,Aclive;Reta                   ,Não,4,0,1,0,3,0,1,4,-16.6776,-49.2314,SPRF-GO,DEL01-GO,UOP01-DEL01-GO,0.8018282521400307,True
533853,2023-07-05,quarta-feira,17:00:00,GO,153.0,505,APARECIDA DE GOIANIA,Ausência de reação do condutor,Colisão traseira,Sem Vítimas,Pleno dia,Decrescente,Céu Claro,Múltipla,Reta,Não,2,0,0,0,2,0,0,2,-16.7537,-49.2411,SPRF-GO,DEL01-GO,UOP01-DEL01-GO,0.9291268582840643,True
534143,2023-07-07,sexta-feira,01:39:00,GO,153.0,504,APARECIDA DE GOIANIA,Reação tardia ou ineficiente do condutor,Atropelamento de Pedestre,Com Vítimas Fatais,Plena Noite,Crescente,Céu Claro,Dupla,Interseção de Vias,Sim,2,1,0,0,0,1,0,2,-16.742491,-49.241569,SPRF-GO,DEL01-GO,UOP01-DEL01-GO,0.32876894837298326,True
535703,2023-07-14,sexta-feira,07:30:00,GO,153.0,495,GOIANIA,Trafegar com motocicleta (ou similar) entre as faixas,Colisão traseira,Com Vítimas Feridas,Pleno dia,Crescente,Nublado,Múltipla,Reta,Sim,2,0,1,0,1,0,1,2,-16.6681,-49.2263,SPRF-GO,DEL01-GO,UOP01-DEL01-GO,0.02854451205891214,True
535742,2023-07-14,sexta-feira,11:00:00,GO,153.0,499,GOIANIA,Condutor deixou de manter distância do veículo da frente,Colisão traseira,Com Vítimas Feridas,Pleno dia,Crescente,Céu Claro,Dupla,Reta,Sim,2,0,0,1,1,0,1,2,-16.70328631,-49.23110962,SPRF-GO,DEL01-GO,UOP01-DEL01-GO,0.13235442906715333,True
536442,2023-07-17,segunda-feira,13:08:00,TO,153.0,494,PARAISO DO TOCANTINS,Acessar a via sem observar a presença dos outros veículos,Colisão transversal,Sem Vítimas,Pleno dia,Crescente,Céu Claro,Simples,Reta;Interseção de Vias       ,Sim,3,0,0,0,3,0,0,2,-10.16605997,-48.88094723,SPRF-TO,DEL01-TO,UOP01-DEL01-TO,137.18707088385804,False
536786,2023-07-19,quarta-feira,11:00:00,TO,153.0,496,PARAISO DO TOCANTINS,Acessar a via sem observar a presença dos outros veículos,Colisão transversal,Com Vítimas Feridas,Pleno dia,Crescente,Céu Claro,Dupla,Reta,Sim,3,0,1,1,1,0,2,2,-10.16527794,-48.88094578,SPRF-TO,DEL01-TO,UOP01-DEL01-TO,137.273798791892,False
537896,2023-07-24,segunda-feira,10:00:00,PR,153.0,334,IRATI,Ultrapassagem Indevida,Colisão lateral mesmo sentido,Com Vítimas Feridas,Pleno dia,Decrescente,Céu Claro,Simples,Reta,Não,2,0,1,0,1,0,1,2,-25.481234,-50.640733,SPRF-PR,DEL08-PR,UOP02-DEL08-PR,110.01566799427935,False
540361,2023-08-05,sábado,10:57:00,TO,153.0,141,ARAGUAINA,Ausência de reação do condutor,Colisão traseira,Sem Vítimas,Pleno dia,Crescente,Céu Claro,Múltipla,Curva;Rotatória               ,Não,2,0,0,0,2,0,0,2,-7.175959,-48.219548,SPRF-TO,DEL02-TO,UOP01-DEL02-TO,476.5457332592252,False
540937,2023-08-08,terça-feira,00:30:00,GO,153.0,504,APARECIDA DE GOIANIA,Velocidade Incompatível,Colisão com objeto,Sem Vítimas,Plena Noite,Decrescente,Céu Claro,Simples,Reta,Sim,1,0,0,0,0,1,0,1,-16.7451,-49.2408,SPRF-GO,DEL01-GO,UOP01-DEL01-GO,0.027714961171786116,True
541249,2023-08-09,quarta-feira,15:30:00,GO,153.0,495,GOIANIA,Manobra de mudança de faixa,Colisão traseira,Com Vítimas Feridas,Pleno dia,Crescente,Sol,Dupla,Reta,Sim,2,0,1,0,1,0,1,2,-16.6681,-49.2263,SPRF-GO,DEL01-GO,UOP01-DEL01-GO,0.02854451205891214,True
541478,2023-03-18,sábado,10:00:00,PR,153.0,495,GENERAL CARNEIRO,Pista Escorregadia,Saída de leito carroçável,Com Vítimas Feridas,Pleno dia,Decrescente,Céu Claro,Simples,Curva,Não,4,0,3,0,1,0,3,1,-26.44827804,-51.32115126,SPRF-PR,DEL02-PR,UOP03-DEL02-PR,104.70350432492714,False
541574,2023-08-11,sexta-feira,08:13:00,GO,153.0,504,APARECIDA DE GOIANIA,Condutor deixou de manter distância do veículo da frente,Queda de ocupante de veículo,Com Vítimas Feridas,Pleno dia,Decrescente,Céu Claro,Dupla,Aclive;Reta                   ,Não,2,0,1,0,0,1,1,2,-16.7451,-49.2408,SPRF-GO,DEL01-GO,UOP01-DEL01-GO,0.027714961171786116,True
541973,2023-08-12,sábado,22:00:00,GO,153.0,495,GOIANIA,Acessar a via sem observar a presença dos outros veículos,Colisão lateral mesmo sentido,Com Vítimas Feridas,Plena Noite,Crescente,Céu Claro,Dupla,Reta,Sim,2,0,1,0,1,0,1,2,-16.6681,-49.2263,SPRF-GO,DEL01-GO,UOP01-DEL01-GO,0.02854451205891214,True
541997,2023-08-13,domingo,00:40:00,TO,153.0,141,ARAGUAINA,Ausência de reação do condutor,Colisão com objeto,Com Vítimas Feridas,Plena Noite,Decrescente,Céu Claro,Dupla,Interseção de Vias;Curva      ,Sim,1,0,1,0,0,0,1,1,-7.175959,-48.219548,SPRF-TO,DEL02-TO,UOP01-DEL02-TO,476.5457332592252,False
542903,2023-08-17,quinta-feira,17:30:00,TO,153.0,496,PARAISO DO TOCANTINS,Acessar a via sem observar a presença dos outros veículos,Colisão transversal,Sem Vítimas,Pleno dia,Crescente,Céu Claro,Simples,Aclive,Sim,2,0,0,0,1,1,0,2,-10.16527794,-48.88094578,SPRF-TO,DEL01-TO,UOP01-DEL01-TO,137.273798791892,False
542993,2023-08-18,sexta-feira,07:20:00,GO,153.0,504,APARECIDA DE GOIANIA,Manobra de mudança de faixa,Colisão lateral mesmo sentido,Sem Vítimas,Pleno dia,Decrescente,Céu Claro,Dupla,Reta,Não,3,0,0,0,1,2,0,2,-16.7451,-49.2408,SPRF-GO,DEL01-GO,UOP01-DEL01-GO,0.027714961171786116,True
543942,2023-08-22,terça-feira,19:30:00,TO,153.0,334,GUARAI,Reação tardia ou ineficiente do condutor,Colisão traseira,Com Vítimas Feridas,Plena Noite,Decrescente,Céu Claro,Múltipla,Reta,Sim,3,0,2,0,1,0,2,2,-8.835718,-48.512123,SPRF-TO,DEL02-TO,UOP02-DEL02-TO,289.19876273709025,False
544115,2023-08-23,quarta-feira,19:30:00,GO,153.0,505,APARECIDA DE GOIANIA,Condutor deixou de manter distância do veículo da frente,Colisão traseira,Com Vítimas Feridas,Plena Noite,Decrescente,Céu Claro,Dupla,Reta,Sim,2,0,1,0,1,0,1,2,-16.7537,-49.2411,SPRF-GO,DEL01-GO,UOP01-DEL01-GO,0.9291268582840643,True
544162,2023-08-24,quinta-feira,04:40:00,GO,153.0,506,GOIANIA,Ingestão de álcool pelo condutor,Saída de leito carroçável,Sem Vítimas,Plena Noite,Crescente,Céu Claro,Dupla,Reta,Sim,1,0,0,0,1,0,0,1,-16.7633,-49.24,SPRF-GO,DEL01-GO,UOP01-DEL01-GO,0.5925342353211931,True
544398,2023-08-25,sexta-feira,07:40:00,GO,153.0,495,GOIANIA,Condutor deixou de manter distância do veículo da frente,Colisão traseira,Com Vítimas Feridas,Pleno dia,Crescente,Céu Claro,Dupla,Reta,Sim,4,0,2,1,1,0,3,3,-16.663346,-49.22320431,SPRF-GO,DEL01-GO,UOP01-DEL01-GO,0.24892379189871391,True
544412,2023-07-23,domingo,23:18:00,GO,153.0,499,GOIANIA,Entrada inopinada do pedestre,Atropelamento de Pedestre,Com Vítimas Feridas,Plena Noite,Crescente,Céu Claro,Dupla,Reta,Sim,3,0,1,1,1,0,2,2,-16.7033,-49.2311,SPRF-GO,DEL01-GO,UOP01-DEL01-GO,0.13399340199001208,True
545514,2023-08-30,quarta-feira,18:25:00,TO,153.0,495,PARAISO DO TOCANTINS,Ausência de sinalização,Queda de ocupante de veículo,Com Vítimas Feridas,Anoitecer,Decrescente,Nublado,Simples,Em Obras;Reta                 ,Sim,1,0,1,0,0,0,1,1,-10.17092827,-48.88102233,SPRF-TO,DEL01-TO,UOP01-DEL01-TO,136.6466372873722,False
545667,2023-03-30,quinta-feira,18:50:00,TO,153.0,141,ARAGUAINA,Entrada inopinada do pedestre,Atropelamento de Pedestre,Com Vítimas Feridas,Plena Noite,Crescente,Nublado,Dupla,Reta,Sim,3,0,0,1,2,0,1,3,-7.175959,-48.219548,SPRF-TO,DEL02-TO,UOP01-DEL02-TO,476.5457332592252,False
545714,2023-08-31,quinta-feira,17:30:00,GO,153.0,499,GOIANIA,Condutor deixou de manter distância do veículo da frente,Colisão traseira,Sem Vítimas,Anoitecer,Crescente,Nublado,Dupla,Aclive;Reta                   ,Sim,2,0,0,0,2,0,0,2,-16.7033,-49.2311,SPRF-GO,DEL01-GO,UOP01-DEL01-GO,0.13399340199001208,True
545719,2023-08-31,quinta-feira,18:45:00,GO,153.0,499,GOIANIA,Manobra de mudança de faixa,Queda de ocupante de veículo,Com Vítimas Feridas,Plena Noite,Crescente,Céu Claro,Dupla,Reta,Sim,2,0,1,0,1,0,1,2,-16.7033,-49.2311,SPRF-GO,DEL01-GO,UOP01-DEL01-GO,0.13399340199001208,True
546196,2023-09-02,sábado,21:40:00,TO,153.0,334,GUARAI,Desrespeitar a preferência no cruzamento,Colisão transversal,Com Vítimas Feridas,Plena Noite,Crescente,Céu Claro,Múltipla,Interseção de Vias,Não,3,0,1,1,0,1,2,2,-8.83895522,-48.51206487,SPRF-TO,DEL02-TO,UOP02-DEL02-TO,288.8454405397994,False
546714,2023-09-05,terça-feira,11:20:00,GO,153.0,496,GOIANIA,Reação tardia ou ineficiente do condutor,Colisão traseira,Com Vítimas Feridas,Pleno dia,Crescente,Nublado,Dupla,Reta,Sim,3,0,1,0,2,0,1,2,-16.6776,-49.2314,SPRF-GO,DEL01-GO,UOP01-DEL01-GO,0.8018282521400307,True
547577,2023-09-09,sábado,13:00:00,GO,153.0,496,GOIANIA,Avarias e/ou desgaste excessivo no pneu,Saída de leito carroçável,Com Vítimas Feridas,Pleno dia,Decrescente,Céu Claro,Dupla,Aclive;Viaduto;Reta           ,Sim,1,0,1,0,0,0,1,1,-16.6776,-49.2314,SPRF-GO,DEL01-GO,UOP01-DEL01-GO,0.8018282521400307,True
548002,2023-09-11,segunda-feira,08:50:00,GO,153.0,495,GOIANIA,Reação tardia ou ineficiente do condutor,Saída de leito carroçável,Com Vítimas Feridas,Pleno dia,Decrescente,Céu Claro,Dupla,Reta,Sim,2,0,0,1,0,1,1,2,-16.6681,-49.2263,SPRF-GO,DEL01-GO,UOP01-DEL01-GO,0.02854451205891214,True
548145,2023-09-11,segunda-feira,23:00:00,TO,153.0,495,PARAISO DO TOCANTINS,Demais falhas mecânicas ou elétricas,Incêndio,Sem Vítimas,Plena Noite,Crescente,Ignorado,Simples,Reta,Sim,1,0,0,0,0,1,0,1,-10.16039618,-48.88154257,SPRF-TO,DEL01-TO,UOP01-DEL01-TO,137.8102932477375,False
548190,2023-09-12,terça-feira,08:00:00,GO,153.0,505,APARECIDA DE GOIANIA,Curva acentuada,Colisão com objeto,Sem Vítimas,Amanhecer,Decrescente,Céu Claro,Simples,Curva,Não,1,0,0,0,0,1,0,1,-16.7537,-49.2411,SPRF-GO,DEL01-GO,UOP01-DEL01-GO,0.9291268582840643,True
549217,2023-09-17,domingo,09:00:00,GO,153.0,499,GOIANIA,Ultrapassagem Indevida,Colisão lateral mesmo sentido,Com Vítimas Feridas,Pleno dia,Decrescente,Nublado,Dupla,Reta,Sim,3,0,1,0,2,0,1,2,-16.7033,-49.2311,SPRF-GO,DEL01-GO,UOP01-DEL01-GO,0.13399340199001208,True
549443,2023-09-18,segunda-feira,10:30:00,GO,153.0,494,GOIANIA,Avarias e/ou desgaste excessivo no pneu,Tombamento,Com Vítimas Feridas,Pleno dia,Decrescente,Céu Claro,Dupla,Reta;Declive                  ,Sim,2,0,1,1,0,0,2,1,-16.6614,-49.2218,SPRF-GO,DEL01-GO,UOP01-DEL01-GO,0.0151254537003197,True
549786,2023-09-20,quarta-feira,05:41:00,TO,153.0,334,GUARAI,Ausência de reação do condutor,Saída de leito carroçável,Com Vítimas Feridas,Amanhecer,Decrescente,Céu Claro,Dupla,Reta,Sim,1,0,0,1,0,0,1,1,-8.835718,-48.512123,SPRF-TO,DEL02-TO,UOP02-DEL02-TO,289.19876273709025,False
550284,2023-09-22,sexta-feira,18:25:00,PR,153.0,334,IRATI,Condutor deixou de manter distância do veículo da frente,Colisão traseira,Com Vítimas Feridas,Plena Noite,Decrescente,Nublado,Simples,Reta;Aclive                   ,Sim,2,0,1,0,1,0,1,2,-25.481234,-50.640733,SPRF-PR,DEL08-PR,UOP02-DEL08-PR,110.01566799427935,False
550349,2023-09-23,sábado,05:30:00,TO,153.0,145,ARAGUAINA,Ingestão de álcool pelo condutor,Colisão transversal,Sem Vítimas,Amanhecer,Decrescente,Céu Claro,Múltipla,Reta,Sim,2,0,0,0,2,0,0,1,-7.20503614,-48.24035166,SPRF-TO,DEL02-TO,UOP01-DEL02-TO,472.9674055189868,False
550421,2023-09-23,sábado,14:10:00,TO,153.0,334,GUARAI,Reação tardia ou ineficiente do condutor,Tombamento,Com Vítimas Feridas,Pleno dia,Crescente,Céu Claro,Dupla,Reta,Sim,1,0,0,1,0,0,1,1,-8.835718,-48.512123,SPRF-TO,DEL02-TO,UOP02-DEL02-TO,289.19876273709025,False
552300,2023-10-02,segunda-feira,02:15:00,GO,153.0,495,GOIANIA,Reação tardia ou ineficiente do condutor,Saída de leito carroçável,Com Vítimas Feridas,Plena Noite,Crescente,Céu Claro,Dupla,Reta,Sim,3,0,2,0,1,0,2,1,-16.6681,-49.2263,SPRF-GO,DEL01-GO,UOP01-DEL01-GO,0.02854451205891214,True
552681,2023-10-03,terça-feira,20:41:00,TO,153.0,334,GUARAI,Acessar a via sem observar a presença dos outros veículos,Colisão transversal,Com Vítimas Feridas,Plena Noite,Crescente,Céu Claro,Dupla,Reta,Sim,2,0,1,0,1,0,1,2,-8.835718,-48.512123,SPRF-TO,DEL02-TO,UOP02-DEL02-TO,289.19876273709025,False
554111,2023-10-10,terça-feira,15:10:00,TO,153.0,496,PARAISO DO TOCANTINS,Acessar a via sem observar a presença dos outros veículos,Colisão transversal,Com Vítimas Feridas,Pleno dia,Decrescente,Nublado,Simples,Reta;Interseção de Vias       ,Sim,2,0,1,0,1,0,1,2,-10.16527794,-48.88094578,SPRF-TO,DEL01-TO,UOP01-DEL01-TO,137.273798791892,False
554645,2023-10-12,quinta-feira,22:44:00,GO,153.0,145,CAMPINORTE,Animais na Pista,Atropelamento de Animal,Com Vítimas Feridas,Plena Noite,Crescente,Céu Claro,Simples,Reta,Não,1,0,1,0,0,0,1,1,-14.038253,-49.088352,SPRF-GO,DEL07-GO,UOP02-DEL07-GO,5.9748294244128015,False
555551,2023-07-30,domingo,18:30:00,GO,153.0,504,GOIANIA,Conversão proibida,Colisão transversal,Com Vítimas Feridas,Anoitecer,Decrescente,Céu Claro,Dupla,Reta,Sim,2,0,0,1,1,0,1,2,-16.7451,-49.2408,SPRF-GO,DEL01-GO,UOP01-DEL01-GO,0.027714961171786116,True
555757,2023-10-18,quarta-feira,17:00:00,TO,153.0,145,ARAGUAINA,Ausência de reação do condutor,Colisão traseira,Com Vítimas Feridas,Pleno dia,Decrescente,Céu Claro,Múltipla,Rotatória,Sim,3,0,1,0,2,0,1,2,-7.20503614,-48.24035166,SPRF-TO,DEL02-TO,UOP01-DEL02-TO,472.9674055189868,False
556005,2023-10-19,quinta-feira,18:20:00,PR,153.0,334,IRATI,Retorno proibido,Colisão transversal,Com Vítimas Feridas,Plena Noite,Decrescente,Céu Claro,Simples,Reta,Sim,2,0,1,0,1,0,1,2,-25.481234,-50.640733,SPRF-PR,DEL08-PR,UOP02-DEL08-PR,110.01566799427935,False
557380,2023-10-26,quinta-feira,16:51:00,TO,153.0,505,PARAISO DO TOCANTINS,Reação tardia ou ineficiente do condutor,Saída de leito carroçável,Com Vítimas Feridas,Pleno dia,Crescente,Nublado,Simples,Reta;Declive                  ,Não,1,0,1,0,0,0,1,1,-10.24545798,-48.87809816,SPRF-TO,DEL01-TO,UOP01-DEL01-TO,128.4098551175288,False
560352,2023-11-10,sexta-feira,17:15:00,TO,153.0,334,GUARAI,Acessar a via sem observar a presença dos outros veículos,Colisão transversal,Com Vítimas Feridas,Pleno dia,Crescente,Céu Claro,Dupla,Retorno Regulamentado;Interseç,Não,3,0,2,0,1,0,2,2,-8.835718,-48.512123,SPRF-TO,DEL02-TO,UOP02-DEL02-TO,289.19876273709025,False
563356,2023-11-24,sexta-feira,19:45:00,TO,153.0,496,PARAISO DO TOCANTINS,Ultrapassagem Indevida,Colisão lateral mesmo sentido,Com Vítimas Feridas,Plena Noite,Crescente,Céu Claro,Simples,Reta,Sim,3,0,1,0,2,0,1,2,-10.16527794,-48.88094578,SPRF-TO,DEL01-TO,UOP01-DEL01-TO,137.273798791892,False
565374,2023-12-04,segunda-feira,08:15:00,GO,153.0,504,APARECIDA DE GOIANIA,Condutor Dormindo,Saída de leito carroçável,Com Vítimas Feridas,Pleno dia,Decrescente,Céu Claro,Dupla,Aclive,Não,2,0,2,0,0,0,2,1,-16.7451,-49.2408,SPRF-GO,DEL01-GO,UOP01-DEL01-GO,0.027714961171786116,True
565571,2023-12-05,terça-feira,06:45:00,TO,153.0,145,ARAGUAINA,Transitar na contramão,Colisão frontal,Com Vítimas Feridas,Pleno dia,Crescente,Céu Claro,Múltipla,Reta;Interseção de Vias       ,Sim,2,0,1,0,1,0,1,2,-7.20503614,-48.24035166,SPRF-TO,DEL02-TO,UOP01-DEL02-TO,472.9674055189868,False
565739,2023-12-05,terça-feira,21:30:00,TO,153.0,141,ARAGUAINA,Ingestão de álcool pelo condutor,Colisão traseira,Com Vítimas Feridas,Plena Noite,Crescente,Céu Claro,Dupla,Reta,Sim,3,0,2,0,1,0,2,2,-7.175959,-48.219548,SPRF-TO,DEL02-TO,UOP01-DEL02-TO,476.5457332592252,False
566503,2023-12-08,sexta-feira,20:40:00,GO,153.0,506,APARECIDA DE GOIANIA,Velocidade Incompatível,Saída de leito carroçável,Sem Vítimas,Plena Noite,Crescente,Céu Claro,Dupla,Reta,Não,1,0,0,0,0,1,0,1,-16.7633,-49.24,SPRF-GO,DEL01-GO,UOP01-DEL01-GO,0.5925342353211931,True
566755,2023-12-10,domingo,06:49:00,TO,153.0,141,ARAGUAINA,Reação tardia ou ineficiente do condutor,Queda de ocupante de veículo,Com Vítimas Feridas,Pleno dia,Crescente,Céu Claro,Dupla,Reta,Sim,1,0,1,0,0,0,1,1,-7.175959,-48.219548,SPRF-TO,DEL02-TO,UOP01-DEL02-TO,476.5457332592252,False
567440,2023-12-13,quarta-feira,07:25:00,GO,153.0,505,APARECIDA DE GOIANIA,Manobra de mudança de faixa,Colisão lateral mesmo sentido,Com Vítimas Feridas,Pleno dia,Decrescente,Céu Claro,Dupla,Reta,Sim,5,0,1,1,2,1,2,3,-16.7537,-49.2411,SPRF-GO,DEL01-GO,UOP01-DEL01-GO,0.9291268582840643,True
568214,2023-12-02,sábado,20:40:00,TO,153.0,496,PARAISO DO TOCANTINS,Desrespeitar a preferência no cruzamento,Colisão transversal,Com Vítimas Fatais,Plena Noite,Crescente,Nublado,Simples,Reta;Interseção de Vias;Aclive,Sim,4,1,0,0,3,0,0,2,-10.16527794,-48.88094578,SPRF-TO,DEL01-TO,UOP01-DEL01-TO,137.273798791892,False
568797,2023-12-18,segunda-feira,17:30:00,TO,153.0,334,GUARAI,Acessar a via sem observar a presença dos outros veículos,Colisão transversal,Com Vítimas Feridas,Pleno dia,Crescente,Garoa/Chuvisco,Dupla,Reta;Retorno Regulamentado    ,Sim,2,0,0,1,1,0,1,2,-8.835718,-48.512123,SPRF-TO,DEL02-TO,UOP02-DEL02-TO,289.19876273709025,False
568983,2023-12-19,terça-feira,14:50:00,TO,153.0,334,GUARAI,Conversão proibida,Colisão transversal,Com Vítimas Feridas,Pleno dia,Crescente,Céu Claro,Dupla,Interseção de Vias,Sim,2,0,1,1,0,0,2,2,-8.835718,-48.512123,SPRF-TO,DEL02-TO,UOP02-DEL02-TO,289.19876273709025,False
569347,2023-12-21,quinta-feira,04:30:00,GO,153.0,499,GOIANIA,Acumulo de água sobre o pavimento,Saída de leito carroçável,Com Vítimas Feridas,Plena Noite,Crescente,Chuva,Múltipla,Reta,Sim,1,0,0,1,0,0,1,1,-16.7033,-49.2311,SPRF-GO,DEL01-GO,UOP01-DEL01-GO,0.13399340199001208,True
569920,2023-12-23,sábado,06:10:00,PR,153.0,494,GENERAL CARNEIRO,Transitar na contramão,Colisão frontal,Com Vítimas Feridas,Amanhecer,Crescente,Chuva,Simples,Curva,Não,5,0,2,2,0,1,4,2,-26.44322,-51.31866,SPRF-PR,DEL02-PR,UOP03-DEL02-PR,104.70252873137964,False
572719,2023-12-19,terça-feira,17:45:00,GO,153.0,505,APARECIDA DE GOIANIA,Acumulo de óleo sobre o pavimento,Queda de ocupante de veículo,Com Vítimas Feridas,Anoitecer,Decrescente,Nublado,Dupla,Reta,Não,1,0,1,0,0,0,1,1,-16.77561664,-49.23797607,SPRF-GO,DEL01-GO,UOP01-DEL01-GO,0.24787898301495503,True
579633,2023-12-17,domingo,22:00:00,GO,153.0,496,GOIANIA,Transitar na contramão,Colisão frontal,Com Vítimas Feridas,Plena Noite,Decrescente,Céu Claro,Dupla,Reta,Sim,2,0,0,1,1,0,1,2,-16.6776,-49.2314,SPRF-GO,DEL01-GO,UOP01-DEL01-GO,0.8018282521400307,True
576210,2024-01-21,domingo,14:50:00,GO,153.0,505,APARECIDA DE GOIANIA,Chuva,Colisão traseira,Com Vítimas Feridas,Pleno dia,Crescente,Chuva,Múltipla,Curva,Sim,3,0,0,1,2,0,1,3,-16.7537,-49.2411,SPRF-GO,DEL01-GO,UOP01-DEL01-GO,0.9291268582840643,True
571834,2024-01-01,segunda-feira,08:30:00,TO,153.0,145,ARAGUAINA,Acessar a via sem observar a presença dos outros veículos,Colisão transversal,Com Vítimas Feridas,Pleno dia,Decrescente,Céu Claro,Múltipla,Reta,Sim,2,0,1,0,1,0,1,2,-7.20503614,-48.24035166,SPRF-TO,DEL02-TO,UOP01-DEL02-TO,472.9674055189868,False
571927,2024-01-01,segunda-feira,16:40:00,GO,153.0,506,APARECIDA DE GOIANIA,Ingestão de álcool pelo condutor,Colisão com objeto,Com Vítimas Feridas,Pleno dia,Crescente,Céu Claro,Dupla,Reta,Não,1,0,1,0,0,0,1,1,-16.7633,-49.24,SPRF-GO,DEL01-GO,UOP01-DEL01-GO,0.5925342353211931,True
572521,2024-01-04,quinta-feira,07:00:00,GO,153.0,504,APARECIDA DE GOIANIA,Demais falhas mecânicas ou elétricas,Tombamento,Com Vítimas Feridas,Pleno dia,Crescente,Chuva,Dupla,Reta,Sim,2,0,2,0,0,0,2,1,-16.7451,-49.2408,SPRF-GO,DEL01-GO,UOP01-DEL01-GO,0.027714961171786116,True
573709,2024-01-10,quarta-feira,08:10:00,TO,153.0,141,ARAGUAINA,Acessar a via sem observar a presença dos outros veículos,Colisão traseira,Com Vítimas Feridas,Pleno dia,Crescente,Céu Claro,Simples,Reta;Interseção de Vias       ,Sim,2,0,1,0,1,0,1,2,-7.175959,-48.219548,SPRF-TO,DEL02-TO,UOP01-DEL02-TO,476.5457332592252,False
579486,2024-02-07,quarta-feira,00:15:00,GO,153.0,506,APARECIDA DE GOIANIA,Velocidade Incompatível,Colisão traseira,Sem Vítimas,Plena Noite,Crescente,Garoa/Chuvisco,Dupla,Reta,Sim,5,0,0,0,5,0,0,2,-16.75468066,-49.24103379,SPRF-GO,DEL01-GO,UOP01-DEL01-GO,1.0376704879691232,True
579707,2024-02-08,quinta-feira,05:21:00,TO,153.0,141,ARAGUAINA,Ingestão de álcool pelo condutor,Atropelamento de Pedestre,Com Vítimas Fatais,Amanhecer,Crescente,Céu Claro,Dupla,Reta,Sim,4,1,0,0,1,2,0,3,-7.175959,-48.219548,SPRF-TO,DEL02-TO,UOP01-DEL02-TO,476.5457332592252,False
580477,2024-02-11,domingo,07:50:00,GO,153.0,496,GOIANIA,Velocidade Incompatível,Colisão transversal,Com Vítimas Feridas,Pleno dia,Crescente,Céu Claro,Múltipla,Reta;Declive                  ,Sim,2,0,2,0,0,0,2,2,-16.6776,-49.2314,SPRF-GO,DEL01-GO,UOP01-DEL01-GO,0.8018282521400307,True
580768,2024-02-12,segunda-feira,14:02:00,TO,153.0,141,ARAGUAINA,Velocidade Incompatível,Colisão traseira,Com Vítimas Feridas,Pleno dia,Crescente,Céu Claro,Dupla,Rotatória;Reta                ,Sim,2,0,1,0,1,0,1,2,-7.1783291,-48.2215476,SPRF-TO,DEL02-TO,UOP01-DEL02-TO,476.2480484936808,False
582695,2024-02-23,sexta-feira,00:40:00,GO,153.0,506,GOIANIA,Ausência de reação do condutor,Queda de ocupante de veículo,Com Vítimas Feridas,Plena Noite,Crescente,Céu Claro,Dupla,Reta,Sim,1,0,1,0,0,0,1,1,-16.7633,-49.24,SPRF-GO,DEL01-GO,UOP01-DEL01-GO,0.5925342353211931,True
